_r ( arcsec ),MAIN_ID,OTYPE,RA ( "h:m:s" ),DEC ( "d:m:s" ),COO_ERR_MAJA ( mas ),COO_ERR_MINA ( mas ),COO_ERR_ANGLE ( deg ),PMRA ( mas.yr-1 ),PMDEC ( mas.yr-1 ),B ( mag ),V ( mag ),R ( mag ),J ( mag ),H ( mag ),K ( mag ),SP_TYPE,GALDIM_MAJAXIS ( arcmin ),GALDIM_MINAXIS ( arcmin ),GALDIM_ANGLE ( deg ),BIBLIST,RAdeg ( deg ),DEdeg ( deg )
0,NGC   288,GlCl,00 52 45.24,-26 34 57.4,1800,1800,90,4.22,-5.65,10,8.13,,,,,,19.2,19.2,0,947,13.1885,-26.582611
0.9288,2MASS J00524519-2634582,RGB*,00 52 45.20610,-26 34 58.2099,0.02,0.015,90,4.156,-5.672,15.013,13.864,,11.839,11.207,11.104,,,,,1,13.188359,-26.582836
8.9958,RX J005245.0-263449,Star,00 52 45.0,-26 34 49,,,,,,,,,,,,,,,,1,13.1875,-26.580278
10.6877,CXOU J005244.8-263448,X,00 52 44.832,-26 34 48.22,,,,,,,,,,,,,,,,2,13.1868,-26.580061
21.0276,[MDL2014] 240,HB*,00 52 43.70847,-26 35 01.8820,0.072,0.052,90,4.505,-5.442,,,,,,,,,,,2,13.182119,-26.583856
22.0884,2MASS J00524620-2635150,RGB*,00 52 46.22884,-26 35 15.0622,0.024,0.017,90,4.211,-5.618,15.695,14.72,,12.82,12.23,12.113,,,,,1,13.19262,-26.587517
24.1954,[MDL2014] 70,Candidate_HB*,00 52 45.40,-26 35 21.5,,,,,,,,,,,,,,,,1,13.189167,-26.589306
27.2776,2MASS J00524492-2634305,RGB*,00 52 44.93737,-26 34 30.4262,0.028,0.02,90,4.327,-5.723,16.065,15.159,,13.413,12.895,12.8,,,,,1,13.187239,-26.575118
30.5844,Gaia DR2 2342907756640379904,Star,00 52 46.44585,-26 34 31.4436,0.092,0.069,90,4.442,-5.422,,,,,,,,,,,1,13.193524,-26.575401
31.5566,Gaia DR2 2342907653560680192,Star,00 52 42.89581,-26 35 00.0437,0.086,0.062,90,4.017,-5.312,,,,,,,,,,,1,13.178733,-26.583345
34.2801,Cl* NGC  288    SAW V4,pulsV*SX,00 52 42.83,-26 34 46.0,190,180,19,,,17.53,17.24,,16.59,,,,,,,8,13.178458,-26.579444
34.7806,[MDL2014] 79,Candidate_HB*,00 52 42.70095,-26 34 50.3570,0.047,0.034,90,4.297,-5.632,,,,,,,,,,,1,13.177921,-26.580655
34.8453,[MDL2014] 187,HB*,00 52 44.72310,-26 35 31.5485,0.07,0.049,90,4.584,-4.942,,,,,,,,,,,1,13.186346,-26.592097
34.8803,2MASS J00524723-2635197,RGB*,00 52 47.24341,-26 35 19.6360,0.04,0.029,90,4.387,-5.768,16.798,16.021,,14.44,13.95,13.9,,,,,1,13.196848,-26.588788
35.1577,2MASS J00524764-2634437,RGB*,00 52 47.65043,-26 34 43.5971,0.037,0.027,90,4.077,-5.626,16.619,15.789,,14.15,13.69,13.58,,,,,1,13.198543,-26.578777
37.2809,[MDL2014] 63,Candidate_HB*,00 52 47.09845,-26 35 25.1202,0.043,0.031,90,4.417,-5.577,,,,,,,,,,,1,13.196244,-26.590311
37.2954,Cl* NGC  288    SAW V6,pulsV*SX,00 52 42.47,-26 34 54.2,,,,,,17.58,17.28,,,,,,,,,8,13.176958,-26.581722
38.0625,2MASS J00524296-2635202,RGB*,00 52 42.969,-26 35 20.22,80,70,3,,,17.208,16.458,,15.07,14.46,14.45,,,,,1,13.179038,-26.58895
38.166,2MASS J00524375-2634249,RGB*,00 52 43.75848,-26 34 24.8170,0.028,0.02,90,4.072,-5.707,16.059,15.192,15.144,13.43,12.92,12.81,,,,,2,13.182327,-26.57356
39.3814,2MASS J00524252-2635128,RGB*,00 52 42.53508,-26 35 12.7088,0.02,0.015,90,4.209,-5.653,14.989,13.883,,11.867,11.223,11.125,,,,,1,13.17723,-26.586864
40.3209,Gaia DR2 2342907584842537344,Star,00 52 45.41842,-26 35 37.6498,0.113,0.083,90,3.802,-5.739,,,,,,,,,,,1,13.189243,-26.593792
40.7545,Gaia DR2 2342907653560634240,Star,00 52 42.52913,-26 34 39.0019,0.091,0.064,90,4.309,-5.416,,,,,,,,,,,1,13.177205,-26.577501
41.5671,Cl* NGC  288    SAW V12,pulsV*SX,00 52 48.10,-26 35 13.4,,,,,,17.78,17.56,17.36,,,,,,,,2,13.200417,-26.587056
45.5267,[MDL2014] 179,HB*,00 52 48.18556,-26 35 20.0166,0.059,0.043,90,4.123,-5.658,,,,,,,,,,,2,13.200773,-26.588894
47.6953,[MDL2014] 243,HB*,00 52 44.02,-26 35 42.2,,,,,,,,,,,,,,,,1,13.183417,-26.595056
51.9943,2MASS J00524836-2634269,RGB*,00 52 48.37739,-26 34 26.8707,0.035,0.025,90,4.151,-5.678,16.546,15.731,,14.11,13.63,13.49,,,,,1,13.201572,-26.574131
52.1601,[MDL2014] 167,Candidate_HB*,00 52 46.42,-26 34 07.7,,,,,,,,,,,,,,,,1,13.193417,-26.568806
53.0004,[SHM2017] J013.19449-26.56892,RRLyr,00 52 46.68648,-26 34 08.0796,0.033,0.025,90,4.245,-5.697,15.4,15.7,,,,,,,,,9,13.194527,-26.568911
53.2511,2MASS J00524145-2634410,RGB*,00 52 41.46367,-26 34 40.9854,0.059,0.042,90,3.987,-5.533,17.128,16.32,,14.82,14.29,14.11,,,,,1,13.172765,-26.578052
53.2767,2MASS J00524725-2635432,RGB*,00 52 47.26800,-26 35 43.2084,0.032,0.023,90,4.18,-5.703,16.388,15.552,,13.828,13.31,13.3,,,,,1,13.19695,-26.595336
53.7337,2MASS J00524625-2635494,RGB*,00 52 46.26871,-26 35 49.3318,0.02,0.013,90,4.149,-5.646,14.774,13.509,,11.41,10.729,10.622,,,,,4,13.192786,-26.597037
55.6965,2MASS J00524921-2634419,RGB*,00 52 49.22588,-26 34 41.8061,0.037,0.026,90,4.253,-5.695,16.664,15.825,,14.18,13.68,13.67,,,,,1,13.205108,-26.578279
57.1577,Cl* NGC  288    SAW V9,pulsV*SX,00 52 42.95,-26 34 09.2,,,,,,17.81,17.52,,,,,,,,,6,13.178958,-26.569222
57.162,Gaia DR2 2342907584841828480,Star,00 52 46.71037,-26 35 51.0517,0.39,0.327,90,7.906,1.049,,,,,,,,,,,1,13.194627,-26.597514
57.3372,[MDL2014] 196,HB*,00 52 44.30425,-26 35 53.3465,0.067,0.045,90,4.3,-5.577,,,,,,,,,,,2,13.184601,-26.598152
58.0744,UCAC4 318-001099,Star,00 52 46.9150,-26 34 03.849,19,18,90,56.6,78.6,,,14.313,,,,,,,,1,13.195479,-26.567736
58.904,2MASS J00524888-2635302,RGB*,00 52 48.885,-26 35 30.25,70,70,90,,,16.355,15.531,,13.9,13.4,13.36,,,,,1,13.203688,-26.591736
59.4392,Cl* NGC  288    SAW V8,pulsV*SX,00 52 44.34,-26 33 59.2,,,,,,18.06,17.78,,,,,,,,,7,13.18475,-26.566444
60.3713,2MASS J00524095-2634390,RGB*,00 52 40.953,-26 34 39.03,70,70,90,,,,,,12.771,12.25,12.17,,,,,2,13.170638,-26.577508
62.5777,2MASS J00524977-2635118,RGB*,00 52 49.78093,-26 35 11.7398,0.024,0.018,90,4.391,-5.547,15.457,14.461,14.346,12.546,11.97,11.908,,,,,3,13.207421,-26.586594
63.3486,Gaia DR2 2342907584841832320,Star,00 52 46.69979,-26 35 57.6465,0.13,0.088,90,2.812,-6.379,,,,,,,,,,,1,13.194582,-26.599346
64.1128,2MASS J00524045-2634561,RGB*,00 52 40.46162,-26 34 56.0683,0.026,0.018,90,4.123,-5.751,14.882,15.87,14.837,13.067,12.533,12.416,,,,,3,13.16859,-26.582241
64.514,[MDL2014] 300,HB*,00 52 49.13332,-26 35 35.2776,0.088,0.071,90,4.258,-5.794,,,,,,,,,,,2,13.204722,-26.593133
65.41,LEDA 3604766,Galaxy,00 52 43.60,-26 35 59.0,,,,,,,,,,,,,,,,1,13.181667,-26.599722
65.7494,Cl* NGC  288    SAW V5,pulsV*SX,00 52 45.05,-26 33 51.7,,,,,,17.7,17.54,,,,,,,,,8,13.187708,-26.564361
66.3291,CXOU J005245.1-263351,X,00 52 45.158,-26 33 51.08,,,,,,,,,,,,,,,,2,13.188158,-26.564189
69.0233,Gaia DR2 2342907687921359488,Star,00 52 50.04094,-26 34 32.5724,0.314,0.25,90,3.784,-5.977,,,,,,,,,,,1,13.208504,-26.575715
71.1728,2MASS J00524749-2636018,RGB*,00 52 47.50397,-26 36 01.7692,0.047,0.032,90,3.811,-5.605,16.967,16.208,,14.53,14.05,14,,,,,1,13.197933,-26.600491
71.6828,Gaia DR2 2342907687921352320,Star,00 52 50.10601,-26 34 27.7795,0.296,0.219,90,5.561,-5.005,,,,,,,,,,,1,13.208775,-26.574383
72.1152,CXOU J005240.1-263432,X,00 52 40.22,-26 34 31.6,190,180,70,,,,,,16.491,,,,,,,2,13.167583,-26.575444
72.4471,[MDL2014] 156,HB*,00 52 50.53,-26 35 12.0,,,,,,,,,,,,,,,,1,13.210542,-26.586667
72.5394,CXOU J005240.5-263534,X,00 52 40.585,-26 35 34.32,,,,,,,,,,,,,,,,1,13.169104,-26.592867
72.8115,2MASS J00524111-2634100,RGB*,00 52 41.11488,-26 34 10.0808,0.049,0.036,90,4.456,-5.563,17.218,16.436,,14.85,14.44,14.29,,,,,1,13.171312,-26.569467
73.2763,[MDL2014] 176,HB*,00 52 48.70,-26 34 00.7,,,,,,,,,,,,,,,,1,13.202917,-26.566861
73.809,Gaia DR2 2342907859719010048,Star,00 52 41.20567,-26 34 07.2137,0.108,0.08,90,4.405,-5.61,,,,,,,,,,,1,13.17169,-26.56867
76.7937,UCAC4 318-001053,Star,00 52 43.4377,-26 33 44.512,60,23,90,-8.5,8.7,,,15.003,,,,,,,,1,13.18099,-26.562364
77.1174,Cl* NGC  288    SAW V7,pulsV*SX,00 52 41.46,-26 33 59.3,,,,,,18.2,17.92,,,,,,,,,8,13.17275,-26.566472
78.4236,2MASS J00525013-2634147,RGB*,00 52 50.14212,-26 34 14.6729,0.02,0.015,90,4.386,-5.587,14.996,13.864,,11.839,11.201,11.095,,,,,1,13.208926,-26.570742
79.4822,[MDL2014] 275,HB*,00 52 49.40750,-26 35 53.9027,0.089,0.064,90,4.977,-5.591,,,,,,,,,,,3,13.205865,-26.598306
79.5576,2MASS J00523974-2635278,RGB*,00 52 39.75801,-26 35 27.7655,0.033,0.022,90,4.238,-5.767,16.295,15.413,,13.688,13.18,13.12,,,,,1,13.165658,-26.591046
79.8194,CXOU J005242.6-263609,X,00 52 42.622,-26 36 09.08,,,,,,,,,,,,,,,,2,13.177592,-26.602522
80.0275,Gaia DR2 2342907859719014912,Star,00 52 40.00607,-26 34 19.0004,0.089,0.061,90,3.138,-5.191,,,,,,,,,,,1,13.166692,-26.571945
81.2173,2MASS J00524225-2633467,RGB*,00 52 42.26797,-26 33 46.6432,0.044,0.032,90,4.293,-5.749,17.01,16.198,,14.6,14.17,14.21,,,,,1,13.176117,-26.562956
83.3213,[MDL2014] 127,HB*,00 52 39.33220,-26 34 31.6786,0.053,0.036,90,4.062,-5.686,,,,,,,,,,,1,13.163884,-26.575466
86.1803,Gaia DR2 2342907859718989312,Star,00 52 40.97693,-26 33 52.9309,0.059,0.042,90,4.466,-5.367,,,,,,,,,,,1,13.170737,-26.564703
86.4643,2MASS J00523884-2634456,RGB*,00 52 38.85484,-26 34 45.5902,0.047,0.033,90,4.416,-5.666,17.071,16.293,,14.67,14.25,14.12,,,,,1,13.161895,-26.579331
86.9558,CXOU J005238.9-263434,X,00 52 38.991,-26 34 34.29,,,,,,,,,,,,,,,,2,13.162463,-26.576192
87.564,CXOU J005242.3-263615,X,00 52 42.337,-26 36 15.83,,,,,,,,,,,,,,,,2,13.176404,-26.604397
87.7227,2MASS J00524526-2633297,RGB*,00 52 45.27431,-26 33 29.6785,0.024,0.016,90,4.235,-5.517,,,,12.805,12.381,12.28,,,,,1,13.188643,-26.558244
88.0216,2MASS J00523915-2634243,RGB*,00 52 39.158,-26 34 24.37,70,70,90,,,16.773,15.985,,14.377,13.9,13.78,,,,,1,13.163158,-26.573436
89.021,[MDL2014] 231,HB*,00 52 47.02739,-26 36 23.1320,0.106,0.067,90,4.16,-5.78,,,,,,,,,,,2,13.195947,-26.606426
89.6565,2MASX J00523883-2635228,Galaxy,00 52 38.83,-26 35 22.8,,,,,,,,,,,,,,,,1,13.161792,-26.589667
91.6232,[CBG2009] NGC  288  200011,RGB*,00 52 38.896,-26 35 31.36,200,200,90,,,13.669,14.88,,,,10.802,,,,,2,13.162067,-26.592044
91.6938,2MASS J00523890-2635317,RGB*,00 52 38.902,-26 35 31.75,70,70,90,,,,,,11.609,10.923,10.802,,,,,1,13.162092,-26.592153
91.7247,[MDL2014] 81,Candidate_HB*,00 52 40.78802,-26 33 47.7847,0.048,0.031,90,4.272,-5.565,,,,,,,,,,,1,13.16995,-26.563274
92.883,2MASS J00524621-2636294,RGB*,00 52 46.22671,-26 36 29.3353,0.075,0.046,90,4.432,-5.463,17.208,16.428,,14.88,14.38,14.3,,,,,1,13.192611,-26.608149
94.184,2MASS J00525088-2635533,RGB*,00 52 50.89168,-26 35 53.2901,0.029,0.022,90,4.123,-5.826,15.895,14.054,14.912,13.26,12.717,12.63,,,,,2,13.212049,-26.598136
95.2028,Gaia DR2 2342907962798690944,Star,00 52 45.48817,-26 33 22.2554,0.1,0.076,90,4.85,-6.328,,,,,,,,,,,1,13.189534,-26.556182
96.5044,[MDL2014] 221,HB*,00 52 52.33014,-26 35 13.7590,0.099,0.073,90,5.066,-5.936,,,,,,,,,,,2,13.218042,-26.587155
97.5737,2MASS J00523998-2633498,RGB*,00 52 39.99288,-26 33 49.8313,0.02,0.014,90,4.185,-5.625,15.051,13.887,,11.842,11.195,11.086,,,,,2,13.166637,-26.563842
98.2473,Cl* NGC  288    ALC      70,Star,00 52 52.2,-26 35 28,,,,,,15.25,14.04,,,,,,,,,11,13.2175,-26.591111
98.759,Gaia DR2 2342904595545287040,Star,00 52 46.80671,-26 36 33.8974,0.908,0.591,90,5.564,-4.123,,,,,,,,,,,1,13.195028,-26.609416
98.9893,2MASS J00525132-2634017,RGB*,00 52 51.33250,-26 34 01.5548,0.035,0.024,90,4.343,-5.531,16.367,15.501,,13.83,13.26,13.27,,,,,1,13.213885,-26.567099
101.1064,[MDL2014] 143,HB*,00 52 52.77,-26 34 53.0,,,,,,,,,,,,,,,,1,13.219875,-26.581389
101.5786,[MDL2014] 86,Candidate_HB*,00 52 52.52774,-26 34 29.8228,0.059,0.044,90,4.242,-5.703,,,,,,,,,,,1,13.218866,-26.574951
102.7869,[MDL2014] 88,Candidate_HB*,00 52 52.12026,-26 34 12.1675,0.052,0.041,90,4.298,-5.703,,,,,,,,,,,1,13.217168,-26.570047
103.1648,2MASS J00525279-2634388,RGB*,00 52 52.80344,-26 34 38.7275,0.021,0.015,90,4.238,-5.683,14.76,13.63,,11.51,10.798,10.674,,,,,9,13.220014,-26.577424
103.2839,2MASS J00525260-2635270,RGB*,00 52 52.61757,-26 35 26.9657,0.023,0.018,90,4.265,-5.645,15.155,14.065,13.953,12.139,11.474,11.365,,,,,3,13.21924,-26.590824
104.0381,Gaia DR2 2342904629906129408,Star,00 52 49.64453,-26 36 23.0373,0.096,0.067,90,4.003,-5.598,,,,,,,,,,,1,13.206852,-26.606399
104.9699,2MASS J00525287-2635201,RGB*,00 52 52.88039,-26 35 20.0909,0.033,0.027,90,4.166,-5.596,14.42,13.06,,10.905,10.197,10.075,,,,,20,13.220335,-26.588914
105.0797,[MDL2014] 180,HB*,00 52 50.93362,-26 36 09.5765,0.068,0.051,90,4.5,-5.635,,,,,,,,,,,2,13.212223,-26.60266
105.2141,Cl* NGC  288    KHG      38,Star,00 52 49.24,-26 33 26.9,,,,,,19.03,18.54,,,,,,,,,1,13.205167,-26.557472
105.4376,2MASS J00524030-2636196,RGB*,00 52 40.31011,-26 36 19.5256,0.059,0.04,90,4.522,-4.782,16.74,15.937,,14.28,13.81,13.77,,,,,1,13.167959,-26.605424
105.8913,Cl* NGC  288    ALC     260,PulsV*,00 52 41.12783,-26 33 27.0150,0.031,0.022,90,4.203,-5.683,15.213,11.38,,9.693,8.819,8.589,,,,,22,13.171366,-26.557504
107.0239,[MDL2014] 61,Candidate_HB*,00 52 42.81487,-26 36 39.3611,0.076,0.05,90,4.858,-5.608,,,,,,,,,,,1,13.178395,-26.610934
107.0692,[MDL2014] 100,HB*,00 52 38.69770,-26 35 58.7434,0.067,0.034,90,4.466,-5.551,,,,,,,,,,,2,13.16124,-26.599651
107.3362,[MDL2014] 55,Candidate_HB*,00 52 47.45257,-26 33 14.2500,0.038,0.027,90,4.47,-5.578,,,,,,,,,,,1,13.197719,-26.553958
107.8198,UCAC4 318-000991,Star,00 52 37.2359,-26 34 47.574,54,22,90,7.1,1.1,15.971,15.091,15.101,,,,,,,,1,13.15515,-26.579882
108.8421,Cl* NGC  288    KHG      16,Star,00 52 51.68,-26 33 51.2,,,,,,18.9,18.24,,,,,,,,,1,13.215333,-26.564222
109.9426,[MDL2014] 304,HB*,00 52 48.61676,-26 33 17.2249,0.119,0.075,90,4.366,-5.572,,,,,,,,,,,2,13.20257,-26.554785
112.2586,Gaia DR2 2342907894081128576,Candidate_WD*,00 52 37.17667,-26 34 27.3731,0.564,0.425,90,5.317,-6.235,,,,,,,,,,,1,13.154903,-26.57427
112.2852,2MASS J00523762-2634106,RGB*,00 52 37.63422,-26 34 10.5240,0.026,0.018,90,4.2,-5.601,15.859,14.993,,13.165,12.602,12.542,,,,,1,13.156809,-26.56959
114.1105,Gaia DR2 2342904595545042432,Star,00 52 48.25657,-26 36 44.0967,0.853,0.677,90,5.236,-6.402,,,,,,,,,,,1,13.201069,-26.612249
114.1594,Gaia DR2 2342907894078726272,Star,00 52 37.29601,-26 34 16.4674,0.548,0.412,90,4.06,-5.912,,,,,,,,,,,1,13.1554,-26.571241
115.7953,2MASS J00524033-2636328,RGB*,00 52 40.34652,-26 36 32.7969,0.033,0.022,90,4.098,-5.67,16.229,15.379,,13.621,13.11,13.07,,,,,2,13.168111,-26.60911
116.6554,2MASS J00524055-2633192,RGB*,00 52 40.55853,-26 33 19.0952,0.046,0.033,90,4.516,-5.693,16.949,16.16,,14.57,14.07,13.95,,,,,1,13.168994,-26.555304
117.1995,Gaia DR2 2342904561184918272,Star,00 52 51.38976,-26 36 20.6566,0.681,0.499,90,4.626,-8.193,,,,,,,,,,,1,13.214124,-26.605738
117.4753,CXOU J005242.5-263305,X,00 52 42.526,-26 33 05.71,,,,,,,,,,,,,,,,2,13.177192,-26.551586
118.1615,2MASS J00525250-2636041,RGB*,00 52 52.51496,-26 36 04.0340,0.02,0.014,90,4.044,-5.748,14.729,13.477,,11.368,10.675,10.553,,,,,1,13.218812,-26.601121
118.8963,2MASS J00525401-2634411,RGB*,00 52 54.01870,-26 34 41.0226,0.025,0.019,90,4.253,-5.518,14.474,15.491,,12.578,11.985,11.87,,,,,2,13.225078,-26.578062
119.3975,2MASS J00523795-2636064,RGB*,00 52 37.97234,-26 36 06.3411,0.028,0.019,90,4.205,-5.767,15.842,14.908,14.811,13.062,12.56,12.42,,,,,3,13.158218,-26.601761
119.7425,2MASS J00524478-2632578,RGB*,00 52 44.79329,-26 32 57.8076,0.06,0.042,90,4.207,-5.607,16.908,16.126,,14.56,14.01,14,,,,,1,13.186639,-26.549391
120.5128,Gaia DR2 2342906347890532096,Star,00 52 36.28511,-26 34 47.7451,0.425,0.321,90,4.218,-6.299,,,,,,,,,,,1,13.151188,-26.579929
120.8755,Cl* NGC  288    KHG      31,Star,00 52 54.25,-26 34 55.7,,,,,,19,18.47,,,,,,,,,1,13.226042,-26.582139
121.1217,2MASS J00524541-2632562,RGB*,00 52 45.411,-26 32 56.30,70,70,90,,,16.897,16.089,,14.53,14.07,13.92,,,,,1,13.189213,-26.548972
121.4844,Cl* NGC  288    SAW V10,V*,00 52 47.93,-26 33 01.4,,,,,,19.7,19.09,,,,,,,,,3,13.199708,-26.550389
122.0876,[MDL2014] 102,HB*,00 52 51.48666,-26 36 26.1993,0.053,0.036,90,4.452,-5.502,,,,,,,,,,,1,13.214528,-26.607278
122.4798,2MASS J00524329-2636572,RGB*,00 52 43.30297,-26 36 57.0926,0.034,0.023,90,4.142,-5.693,14.429,12.91,,10.628,9.896,9.77,,,,,3,13.180429,-26.615859
122.7655,2MASS J00523775-2633467,RGB*,00 52 37.76001,-26 33 46.6774,0.033,0.024,90,4.218,-5.598,16.403,15.54,,13.83,13.278,13.29,,,,,1,13.157333,-26.562966
123.9341,[SHM2017] J013.17022-26.55226,RRLyr,00 52 40.85754,-26 33 08.3003,0.262,0.19,90,3.376,-5.95,,,,,,,,,,,1,13.17024,-26.552306
124.5695,Cl* NGC  288    KHG      42,Star,00 52 49.88,-26 33 09.5,,,,,,19.07,18.6,,,,,,,,,1,13.207833,-26.552639
124.6334,Cl* NGC  288    KHG       2,Star,00 52 53.69036,-26 35 49.2217,0.075,0.054,90,4.466,-5.609,17.75,16.97,,15.692,15.208,14.983,,,,,1,13.22371,-26.597006
125.1278,Gaia DR2 2342907928438437376,Star,00 52 38.11306,-26 33 36.6833,0.421,0.331,90,4.991,-4.556,,,,,,,,,,,1,13.158804,-26.56019
125.3329,2MASS J00524643-2632532,RGB*,00 52 46.44348,-26 32 53.1115,0.053,0.044,90,4.306,-5.559,17.125,16.336,,14.8,14.31,14.22,,,,,1,13.193515,-26.548087
125.433,CXOU J005243.7-263253,X,00 52 43.764,-26 32 53.54,,,,,,,,,,,,,,,,1,13.18235,-26.548206
126.7475,[MDL2014] 151,HB*,00 52 48.34056,-26 32 57.6731,0.056,0.04,90,4.391,-5.44,,,,,,,,,,,1,13.201419,-26.549354
127.8152,2MASS J00525296-2633427,RGB*,00 52 52.96952,-26 33 42.6745,0.022,0.016,90,4.126,-5.755,14.657,13.691,14.122,12.29,11.67,11.56,,,,,3,13.220706,-26.561854
128.748,Cl* NGC  288    KHG      41,Star,00 52 52.50,-26 33 33.2,,,,,,19.04,18.55,,,,,,,,,1,13.21875,-26.559222
128.9605,2MASS J00524702-2637041,RGB*,00 52 47.04084,-26 37 04.0784,0.032,0.021,90,4.195,-5.539,16.259,15.388,,13.675,13.164,13.13,,,,,1,13.196004,-26.6178
132.1139,Gaia DR2 2342904767343634176,Star,00 52 54.85389,-26 34 28.7434,0.714,0.546,90,3.544,-6.226,,,,,,,,,,,1,13.228558,-26.574651
132.9987,[MDL2014] 113,HB*,00 52 39.49753,-26 36 45.8268,0.053,0.035,90,4.244,-5.572,,,,,,,,,,,1,13.164573,-26.61273
133.3592,[MDL2014] 142,HB*,00 52 50.57272,-26 36 49.9558,0.066,0.045,90,4.104,-5.681,,,,,,,,,,,2,13.21072,-26.613877
133.4461,2MASS J00524981-2636559,RGB*,00 52 49.82116,-26 36 55.8586,0.025,0.018,90,4.277,-5.655,15.293,14.239,,12.29,11.68,11.59,,,,,2,13.207588,-26.615516
133.4935,2MASS J00525439-2634055,RGB*,00 52 54.40709,-26 34 05.4689,0.034,0.024,90,4.256,-5.634,16.345,15.487,,13.786,13.26,13.21,,,,,1,13.226696,-26.568186
134.8217,[MDL2014] 74,Candidate_HB*,00 52 35.48536,-26 34 24.9460,0.045,0.032,90,4.275,-5.657,,,,,,,,,,,1,13.147856,-26.573596
134.9352,Gaia DR2 2342908168959213952,Star,00 52 51.93526,-26 33 16.7062,0.307,0.129,90,11.436,-6.281,,,,,,,,,,,1,13.216397,-26.554641
136.2728,2MASS J00524958-2637006,RGB*,00 52 49.59096,-26 37 00.5454,0.043,0.026,90,4.297,-5.627,,,,13.74,13.23,13.14,,,,,1,13.206629,-26.616818
136.5914,Cl* NGC  288    KHG       9,Star,00 52 53.75051,-26 33 42.4223,0.114,0.078,90,4.785,-5.446,18.48,17.76,,16.295,,,,,,,1,13.22396,-26.561784
137.2029,2MASS J00525431-2633540,RGB*,00 52 54.313,-26 33 54.08,70,70,90,,,16.89,16.095,,14.43,13.93,13.95,,,,,1,13.226304,-26.565022
138.4208,[MDL2014] 118,HB*,00 52 55.52684,-26 35 08.3188,0.055,0.039,90,4.18,-5.754,,,,,,,,,,,1,13.231362,-26.585644
138.9404,CXOU J005244.4-263238,X,00 52 44.435,-26 32 38.88,,,,,,,,,,,,,,,,1,13.185146,-26.544133
139.1015,[MDL2014] 89,Candidate_HB*,00 52 37.88,-26 36 35.4,,,,,,,,,,,,,,,,1,13.157833,-26.609833
139.2845,Gaia DR2 2342904767343632896,Candidate_WD*,00 52 55.30788,-26 34 23.3550,0.561,0.439,90,6.206,-2.594,,,,,,,,,,,1,13.23045,-26.573154
139.4012,Gaia DR2 2342907894081114368,Star,00 52 35.55167,-26 34 06.9983,0.536,0.387,90,4.588,-7.12,,,,,,,,,,,1,13.148132,-26.568611
139.9074,2MASS J00523718-2636262,RGB*,00 52 37.182,-26 36 26.24,60,60,90,,,17.039,16.28,,14.69,14.2,14.04,,,,,1,13.154925,-26.607289
140.167,2MASS J00523604-2633505,RGB*,00 52 36.05256,-26 33 50.6515,0.042,0.03,90,4.23,-5.607,16.894,16.097,,14.47,13.98,13.97,,,,,1,13.150219,-26.56407
142.3701,2MASS J00524984-2632492,RGB*,00 52 49.85539,-26 32 49.2013,0.036,0.026,90,4.265,-5.625,16.574,15.746,,14.14,13.67,13.56,,,,,1,13.207731,-26.547
142.9204,[MDL2014] 145,HB*,00 52 40.60090,-26 32 48.7439,0.049,0.035,90,4.168,-5.499,,,,,,,,,,,1,13.16917,-26.546873
143.4943,CXOU J005252.1-263308,X,00 52 52.184,-26 33 08.26,,,,,,,,,,,,,,,,1,13.217433,-26.552294
143.5771,Cl* NGC  288    KHG      33,Star,00 52 49.45,-26 32 45.4,,,,,,18.97,18.48,,,,,,,,,1,13.206042,-26.545944
143.6357,Cl* NGC  288    KHG       7,Star,00 52 55.53,-26 34 17.7,200,190,5,,,18.34,17.62,,16.286,15.753,,,,,,1,13.231375,-26.571583
143.9734,Gaia DR2 2342904767344103296,Star,00 52 55.80214,-26 34 31.8529,0.82,0.601,90,6.59,-5.139,,,,,,,,,,,1,13.232509,-26.575515
144.1497,Cl* NGC  288    KHG      15,Star,00 52 55.84,-26 35 21.1,,,,,,18.77,18.09,,,,,,,,,1,13.232667,-26.589194
146.4525,Cl* NGC  288    KHG      81,Star,00 52 55.80,-26 35 34.6,,,,,,20.16,19.65,,,,,,,,,1,13.2325,-26.592944
147.7163,Cl* NGC  288    KHG       5,Star,00 52 53.99,-26 36 27.1,130,110,4,,,18.25,17.52,,16.121,,,,,,,1,13.224958,-26.607528
147.7347,Cl* NGC  288    KHG      24,Star,00 52 56.24,-26 34 50.2,,,,,,18.97,18.4,,,,,,,,,1,13.234333,-26.580611
148.4493,Gaia DR2 2342907894080029696,Star,00 52 34.85967,-26 34 05.9655,0.818,0.703,90,6.795,-4.991,,,,,,,,,,,1,13.145249,-26.568324
149.158,2MASS J00524624-2637260,RGB*,00 52 46.25998,-26 37 25.9294,0.033,0.024,90,4.141,-5.632,14.4,12.609,,10.237,9.488,9.337,,,,,26,13.19275,-26.623869
149.2346,Cl* NGC  288    KHG      22,Star,00 52 56.36,-26 35 01.9,,,,,,18.96,18.38,,,,,,,,,1,13.234833,-26.583861
149.2531,2MASS J00523411-2634496,RGB*,00 52 34.12857,-26 34 49.6945,0.032,0.022,90,4.193,-5.704,16.167,15.285,,13.53,13.01,12.94,,,,,1,13.142202,-26.580471
150.6682,Gaia DR2 2342903118075442048,Star,00 52 45.45582,-26 37 28.0404,0.649,0.31,90,10.206,-6.637,,,,,,,,,,,1,13.189399,-26.624456
150.8172,Gaia DR2 2342904561185321600,Star,00 52 53.97144,-26 36 32.4281,0.574,0.408,90,4.105,-7.103,,,,,,,,,,,1,13.224881,-26.609008
151.1894,Cl* NGC  288    KHG      61,Star,00 52 55.50,-26 36 00.0,,,,,,19.57,19.11,,,,,,,,,1,13.23125,-26.6
151.2547,Cl* NGC  288    KHG      87,Star,00 52 56.23,-26 34 23.6,,,,,,20.31,19.72,,,,,,,,,1,13.234292,-26.573222
151.4926,Cl* NGC  288    KHG      12,Star,00 52 56.41,-26 34 35.1,500,500,90,,,18.54,17.82,,16.339,16.017,16.077,,,,,1,13.235042,-26.576417
153.1214,[MDL2014] 147,HB*,00 52 37.26,-26 36 46.9,,,,,,,,,,,,,,,,1,13.15525,-26.613028
154.2861,Cl* NGC  288    KHG      36,Star,00 52 56.03,-26 34 04.0,,,,,,19,18.5,,,,,,,,,1,13.233458,-26.567778
155.2071,Cl* NGC  288    KHG      56,Star,00 52 55.59,-26 36 06.8,,,,,,19.52,19.07,,,,,,,,,1,13.231625,-26.601889
155.4645,Gaia DR2 2342907997159588480,Star,00 52 47.29179,-26 32 24.3922,0.609,0.443,90,3.625,-7.427,,,,,,,,,,,1,13.197049,-26.540109
155.6064,Gaia DR2 2342908168959299712,Star,00 52 53.11410,-26 33 03.1484,0.834,0.569,90,3.944,-6.607,,,,,,,,,,,1,13.221309,-26.550875
155.75,Cl* NGC  288    KHG      20,Star,00 52 56.67,-26 35 24.8,,,,,,18.94,18.33,,,,,,,,,1,13.236125,-26.590222
155.7761,[MDL2014] 60,Candidate_HB*,00 52 38.60396,-26 37 05.2453,0.04,0.026,90,4.255,-5.557,,,,,,,,,,,1,13.16085,-26.618124
156.8303,Cl* NGC  288    KHG      86,Star,00 52 56.24,-26 34 04.3,,,,,,20.2,19.7,,,,,,,,,1,13.234333,-26.567861
156.9551,2MASS J00525692-2634511,RGB*,00 52 56.93091,-26 34 51.0649,0.022,0.016,90,4.2,-5.708,15.056,13.995,13.885,12.064,11.421,11.347,,,,,4,13.237212,-26.580851
157.0853,Cl* NGC  288    KHG      77,Star,00 52 55.70,-26 33 46.8,,,,,,20.09,19.6,,,,,,,,,1,13.232083,-26.563
157.3484,Gaia DR2 2342906416609969536,Star,00 52 33.62170,-26 34 35.7804,0.634,0.534,90,4.914,-4.034,,,,,,,,,,,1,13.14009,-26.576606
158.2125,[MDL2014] 242,HB*,00 52 45.03091,-26 37 35.5876,0.097,0.057,90,4.283,-5.34,,,,,,,,,,,3,13.187629,-26.626552
158.3966,Cl* NGC  288    KHG      11,Star,00 52 56.63,-26 35 39.2,250,250,90,,,18.47,17.78,,16.382,16.011,,,,,,1,13.235958,-26.594222
158.3985,Cl* NGC  288    KHG      66,Star,00 52 55.97,-26 33 51.3,,,,,,19.66,19.22,,,,,,,,,1,13.233208,-26.56425
158.4934,[MDL2014] 216,HB*,00 52 54.58871,-26 33 20.5002,0.076,0.052,90,4.47,-5.576,,,,,,,,,,,2,13.227453,-26.555695
158.8918,Gaia DR2 2342908375115983488,Star,00 52 47.85842,-26 32 22.4406,0.558,0.388,90,3.904,-6.55,,,,,,,,,,,1,13.19941,-26.539567
158.9589,Cl* NGC  288    KHG      89,Star,00 52 55.61,-26 33 40.5,,,,,,20.22,19.74,,,,,,,,,1,13.231708,-26.56125
159.0978,2MASS J00523479-2636130,RGB*,00 52 34.80511,-26 36 13.0443,0.033,0.022,90,4.21,-5.593,16.209,15.34,,13.646,13.08,13.05,,,,,1,13.145021,-26.603623
162.2992,Cl* NGC  288    BPF      34,RRLyr,00 52 40.26727,-26 32 29.4481,0.034,0.024,90,4.217,-5.809,15.59,14.42,,,,,,,,,6,13.16778,-26.541513
162.3216,2MASS J00523812-2637088,RGB*,00 52 38.13161,-26 37 08.7725,0.033,0.022,90,4.027,-5.665,16.291,15.405,,13.725,13.24,13.18,,,,,1,13.158882,-26.619103
162.8155,Cl* NGC  288    KHG      74,Star,00 52 53.31,-26 32 55.8,,,,,,19.97,19.5,,,,,,,,,1,13.222125,-26.548833
162.968,[MDL2014] 183,HB*,00 52 39.92616,-26 37 23.9582,0.079,0.045,90,4.38,-5.662,,,,,,,,,,,2,13.166359,-26.623322
163.0882,2MASS J00525735-2635106,RGB*,00 52 57.35805,-26 35 10.5992,0.042,0.031,90,4.37,-5.758,16.498,15.664,,13.97,13.5,13.47,,,,,1,13.238992,-26.586278
163.3401,Gaia DR2 2342908100239744256,Star,00 52 55.61333,-26 33 31.8849,0.068,0.047,90,4.425,-5.474,,,,,,,,,,,1,13.231722,-26.558857
164.9995,Cl* NGC  288    KHG      88,Star,00 52 54.44,-26 33 07.9,,,,,,20.23,19.74,,,,,,,,,1,13.226833,-26.552194
165.3288,2MASS J00525621-2636127,RGB*,00 52 56.21704,-26 36 12.6001,0.035,0.025,90,4.157,-5.676,16.409,15.559,,13.832,13.36,13.27,,,,,1,13.234238,-26.6035
166.3624,Cl* NGC  288    ALC     213,Star,00 52 40.3,-26 37 30,,,,,,14.39,13.03,,,,,,,,,29,13.167917,-26.625
167.6131,Gaia DR2 2342906038653122048,Star,00 52 37.75978,-26 37 11.6716,0.582,0.386,90,5.916,-5.595,,,,,,,,,,,1,13.157332,-26.619909
168.2258,Gaia DR2 2342906038655314944,Star,00 52 38.34874,-26 37 17.9609,0.083,0.046,90,4.114,-5.742,,,,,,,,,,,1,13.159786,-26.621656
168.8617,Cl* NGC  288    KHG      30,Star,00 52 57.79,-26 34 44.3,,,,,,18.99,18.46,,,,,,,,,1,13.240792,-26.578972
169.5443,Gaia DR2 2342904698624253568,Star,00 52 57.51139,-26 35 38.0275,0.485,0.368,90,5.733,-6.6,,,,,,,,,,,1,13.239631,-26.593897
169.7474,Cl* NGC  288    KHG      14,Star,00 52 53.44,-26 37 06.7,,,,,,18.71,18,,,,,,,,,1,13.222667,-26.618528
170.4881,Cl* NGC  288    KHG      55,Star,00 52 56.04,-26 36 27.3,,,,,,19.48,19.02,,,,,,,,,1,13.2335,-26.607583
170.8506,UCAC4 318-001035,Star,00 52 41.3662,-26 32 14.647,24,25,90,-0.1,-10.5,,,14.889,,,,,,,,1,13.172359,-26.537402
171.5452,Cl* NGC  288    KHG      44,Star,00 52 58.02,-26 34 51.3,,,,,,19.25,18.82,,,,,,,,,1,13.24175,-26.580917
171.9133,[MDL2014] 119,HB*,00 52 56.85979,-26 33 44.9166,0.063,0.046,90,4.224,-5.754,,,,,,,,,,,1,13.236916,-26.562477
172.9066,Cl* NGC  288    KHG      95,Star,00 52 56.53,-26 33 34.0,,,,,,20.55,19.99,,,,,,,,,1,13.235542,-26.559444
173.0661,Cl* NGC  288    KHG      48,Star,00 52 54.88,-26 33 02.4,,,,,,19.33,18.9,,,,,,,,,1,13.228667,-26.550667
173.0661,Cl* NGC  288    KHG      49,Star,00 52 54.88,-26 33 02.4,,,,,,19.33,18.9,,,,,,,,,1,13.228667,-26.550667
173.1823,2MASS J00523644-2632506,RGB*,00 52 36.444,-26 32 50.65,70,70,90,,,16.803,15.989,,14.34,13.85,13.75,,,,,1,13.15185,-26.547403
173.3218,Cl* NGC  288    KHG      62,Star,00 52 53.22,-26 32 41.1,,,,,,19.58,19.13,,,,,,,,,1,13.22175,-26.54475
173.4717,2MASS J00523957-2637335,RGB*,00 52 39.58723,-26 37 33.4278,0.059,0.036,90,4.225,-5.646,17.269,16.497,,14.91,14.46,14.53,,,,,1,13.164947,-26.625952
173.9074,2MASX J00523957-2637338,Galaxy,00 52 39.57,-26 37 33.8,,,,,,,,,,,,,,,,2,13.164875,-26.626056
173.927,Cl* NGC  288    KHG      53,Star,00 52 58.08,-26 35 21.6,,,,,,19.43,18.98,,,,,,,,,1,13.242,-26.589333
174.5027,2MASS J00525574-2633145,RGB*,00 52 55.745,-26 33 14.50,70,70,90,,,16.312,15.459,,13.76,13.23,13.21,,,,,1,13.232271,-26.554028
175.8671,2MASS J00524394-2632024,X,00 52 43.94,-26 32 02.4,150,140,45,,,,,,16.231,15.575,14.748,,,,,1,13.183083,-26.534
176.0622,Gaia DR2 2342906416609970944,Star,00 52 32.14157,-26 34 46.2586,0.604,0.434,90,1.913,-5.494,,,,,,,,,,,1,13.133923,-26.579516
176.6647,2MASS J00524389-2637531,RGB*,00 52 43.894,-26 37 53.14,60,60,90,,,16.458,15.619,,13.85,13.38,13.3,,,,,1,13.182892,-26.631428
176.6679,Cl* NGC  288    KHG      64,Star,00 52 58.41,-26 34 58.0,,,,,,19.67,19.2,,,,,,,,,1,13.243375,-26.582778
177.0191,Cl* NGC  288    KHG      32,Star,00 52 55.92,-26 36 41.4,,,,,,18.96,18.47,,,,,,,,,1,13.233,-26.6115
177.0513,Cl* NGC  288    KHG      51,Star,00 52 57.88,-26 35 48.4,,,,,,19.39,18.96,,,,,,,,,1,13.241167,-26.596778
177.6174,Cl* NGC  288    SAN      10,HB*,00 52 33.15870,-26 33 44.7435,0.055,0.038,90,4.345,-5.658,16,,,16.239,,15.579,,,,,2,13.138161,-26.562429
177.7058,[MDL2014] 228,HB*,00 52 47.37953,-26 37 52.7738,0.099,0.063,90,4.404,-5.579,,,,,,,,,,,2,13.197415,-26.631326
177.7775,2MASS J00523610-2637064,RGB*,00 52 36.11603,-26 37 06.3561,0.06,0.036,90,3.783,-4.801,15.684,14.878,14.755,13.065,12.482,12.393,,,,,3,13.150483,-26.618432
177.8886,Gaia DR2 2342904453812495104,Star,00 52 57.09933,-26 36 17.0312,0.37,0.275,90,7.568,-6.196,,,,,,,,,,,1,13.237914,-26.604731
177.9192,[MDL2014] 115,HB*,00 52 45.25655,-26 37 55.3191,0.062,0.038,90,4.246,-5.456,,,,,,,,,,,1,13.188569,-26.632033
178.9825,Cl* NGC  288    KHG       4,Star,00 52 53.04,-26 32 32.2,,,,,,18.08,17.37,,,,,,,,,1,13.221,-26.542278
179.506,Gaia DR2 2342906382251221760,Candidate_WD*,00 52 32.18407,-26 35 36.8008,0.761,0.603,90,6.227,-4.319,,,,,,,,,,,1,13.1341,-26.593556
179.5235,Cl* NGC  288    KHG      34,Star,00 52 54.84,-26 37 02.5,,,,,,18.97,18.48,,,,,,,,,1,13.2285,-26.617361
180.0759,2MASS J00525240-2632252,RGB*,00 52 52.41134,-26 32 25.1841,0.032,0.022,90,4.232,-5.625,16.305,15.447,,13.758,13.29,13.2,,,,,2,13.218381,-26.540329
180.4033,Gaia DR2 2342904355028313856,Star,00 52 53.25881,-26 37 22.2404,0.814,0.629,90,6.705,-6.054,,,,,,,,,,,1,13.221912,-26.622845
180.4398,2MASS J00524193-2637523,RGB*,00 52 41.94783,-26 37 52.3544,0.049,0.029,90,4.343,-5.65,16.908,16.112,15.867,14.453,14,14.01,,,,,2,13.174783,-26.63121
180.9402,[MDL2014] 146,HB*,00 52 43.36171,-26 37 56.5781,0.068,0.045,90,4.052,-5.638,,,,,,,,,,,2,13.180674,-26.632383
181.4604,2MASS J00525460-2637084,RGB*,00 52 54.60579,-26 37 08.3523,0.025,0.017,90,4.286,-5.594,,,,12.275,11.78,11.648,,,,,1,13.227524,-26.618987
181.7496,Cl* NGC  288    KHG      37,Star,00 52 58.01,-26 33 56.7,,,,,,19.02,18.51,,,,,,,,,1,13.241708,-26.56575
181.8248,Cl* NGC  288    KHG      67,Star,00 52 53.06,-26 32 28.9,,,,,,19.71,19.25,,,,,,,,,1,13.221083,-26.541361
181.8248,Cl* NGC  288    KHG      68,Star,00 52 53.06,-26 32 28.9,,,,,,19.71,19.25,,,,,,,,,1,13.221083,-26.541361
182.4203,CXOU J005249.7-263205,X,00 52 49.744,-26 32 05.28,,,,,,,,,,,,,,,,1,13.207267,-26.5348
182.6127,UCAC4 318-001165,HB*,00 52 55.59270,-26 32 58.8435,0.08,0.054,90,3.8,-5.3,15.48,15.5,15.775,,,,,,,,3,13.231636,-26.549679
182.7714,Cl* NGC  288    KHG      59,Star,00 52 58.80,-26 34 39.6,,,,,,19.55,19.1,,,,,,,,,1,13.245,-26.577667
182.8792,CXOU J005232.9-263338,X,00 52 32.950,-26 33 38.28,,,,,,,,,,,,,,,,1,13.137292,-26.560633
182.908,Cl* NGC  288    KHG      25,Star,00 52 49.49,-26 37 51.2,,,,,,18.95,18.41,,,,,,,,,1,13.206208,-26.630889
183.2503,Cl* NGC  288    KHG      47,Star,00 52 58.50,-26 35 41.5,,,,,,19.36,18.89,,,,,,,,,1,13.24375,-26.594861
183.279,Cl* NGC  288    ALC     131,Candidate_HB*,00 52 32.08114,-26 35 46.7606,0.048,0.031,90,4.22,-5.569,15.5,14.51,,15.478,15.568,15.03,,,,,6,13.133671,-26.596322
185.4325,2MASS J00524379-2638018,RGB*,00 52 43.790,-26 38 01.81,60,60,90,,,,,,11.715,11.151,11.045,,,,,2,13.182458,-26.633836
185.5291,Cl* NGC  288    KHG      82,Star,00 52 58.97,-26 34 35.1,,,,,,20.17,19.67,,,,,,,,,1,13.245708,-26.576417
185.9376,2MASS J00524655-2631523,RGB*,00 52 46.56733,-26 31 52.3173,0.032,0.021,90,4.096,-5.624,16.08,15.185,14.953,13.52,12.94,12.9,,,,,4,13.194031,-26.531199
185.9394,CXOU J005257.7-263618,X,00 52 57.700,-26 36 18.90,,,,,,,,,,,,,,,,1,13.240417,-26.60525
186.3071,Cl* NGC  288    KHG      69,Star,00 52 58.76,-26 34 14.8,,,,,,19.75,19.28,,,,,,,,,1,13.244833,-26.570778
186.8352,[MDL2014] 154,HB*,00 52 54.90701,-26 37 11.9245,0.064,0.042,90,4.177,-5.645,,,,,,,,,,,1,13.228779,-26.619979
186.9536,Gaia DR2 2342903049356956800,Star,00 52 48.74318,-26 37 58.3538,0.943,0.716,90,4.586,-8.067,,,,,,,,,,,1,13.203097,-26.632876
187.9607,Cl* NGC  288    KHG      71,Star,00 52 54.47,-26 32 36.0,,,,,,19.85,19.39,,,,,,,,,1,13.226958,-26.543333
188.732,2MASS J00523341-2636399,RGB*,00 52 33.43156,-26 36 40.0384,0.035,0.022,90,4.184,-5.572,16.341,15.466,,13.759,13.25,13.21,,,,,1,13.139298,-26.611122
188.826,2MASS J00525760-2633273,RGB*,00 52 57.61132,-26 33 27.3512,0.035,0.026,90,4.233,-5.79,16.341,15.483,,13.83,13.31,13.23,,,,,1,13.240047,-26.557598
189.0953,2MASS J00524677-2638054,RGB*,00 52 46.78441,-26 38 05.3575,0.053,0.035,90,4.038,-5.797,16.86,16.03,15.601,14.38,13.88,13.82,,,,,2,13.194935,-26.634822
190.1165,2MASS J00525845-2636062,RGB*,00 52 58.45529,-26 36 06.1260,0.032,0.023,90,4.246,-5.746,14.479,13.165,12.982,10.892,10.186,10.011,,,,,2,13.243564,-26.601702
190.1504,CXOU J005239.8-263201,X,00 52 39.888,-26 32 01.33,,,,,,,,,,,,,,,,1,13.1662,-26.533703
191.2195,Cl* NGC  288    SAW V11,pulsV*SX,00 52 58.70,-26 36 00.4,,,,,,17.81,17.55,17.41,,,,,,,,2,13.244583,-26.600111
191.4046,Gaia DR2 2342904355026524288,Star,00 52 54.15423,-26 37 26.8719,0.464,0.318,90,4.533,-5.324,,,,,,,,,,,1,13.225643,-26.624131
191.4975,2MASS J00525922-2634195,RGB*,00 52 59.23229,-26 34 19.4831,0.042,0.029,90,4.309,-5.694,16.702,15.901,,14.244,13.78,13.67,,,,,1,13.246801,-26.572079
192.0324,Cl* NGC  288    KHG      65,Star,00 52 53.73,-26 32 22.8,,,,,,19.63,19.2,,,,,,,,,1,13.223875,-26.539667
192.0811,Cl* NGC  288    KHG      26,Star,00 52 55.29,-26 32 40.6,,,,,,18.94,18.42,,,,,,,,,1,13.230375,-26.544611
192.1948,Cl* NGC  288    KHG       3,Star,00 52 49.36095,-26 38 01.4770,0.095,0.059,90,4.255,-5.872,17.9,17.14,,15.907,15.359,15.312,,,,,1,13.205671,-26.633744
192.732,Cl* NGC  288    KHG      39,Star,00 52 56.52,-26 36 56.8,,,,,,19.01,18.54,,,,,,,,,1,13.2355,-26.615778
193.4523,[MDL2014] 114,HB*,00 52 38.69694,-26 37 49.8044,0.067,0.039,90,4.291,-5.476,,,,,,,,,,,1,13.161237,-26.630501
193.5898,Cl* NGC  288    KHG      50,Star,00 52 58.53,-26 36 12.9,,,,,,19.38,18.93,,,,,,,,,1,13.243875,-26.603583
193.7238,Gaia DR2 2342906382251510272,Star,00 52 30.82866,-26 35 09.9654,0.83,0.629,90,3.549,-7.565,,,,,,,,,,,1,13.128453,-26.586102
193.9328,Gaia DR2 2342908443835439744,Star,00 52 45.00294,-26 31 43.4933,0.484,0.403,90,4.857,-5.713,,,,,,,,,,,1,13.187512,-26.528748
194.4412,Gaia DR2 2342908787431847552,Star,00 52 37.80390,-26 32 10.5072,0.57,0.414,90,3.032,-7.499,,,,,,,,,,,1,13.157516,-26.536252
194.9347,CXOU J005234.3-263247,X,00 52 34.380,-26 32 47.90,,,,,,,,,,,,,,,,1,13.14325,-26.546639
195.0559,2MASS J00523149-2636016,RGB*,00 52 31.5129,-26 36 01.778,36,17,90,12.2,-19.1,15.653,14.679,14.609,12.881,12.32,12.23,,,,,4,13.131304,-26.600494
195.4803,2MASS J00524353-2631433,RGB*,00 52 43.53771,-26 31 43.2587,0.054,0.037,90,4.145,-5.64,17.239,16.457,,14.92,14.48,14.48,,,,,1,13.181407,-26.528683
195.6347,2MASS J00523185-2636153,RGB*,00 52 31.86451,-26 36 15.4144,0.041,0.027,90,4.274,-5.56,16.703,15.886,,14.269,13.71,13.73,,,,,1,13.132769,-26.604282
195.7279,[MDL2014] 107,HB*,00 52 32.39928,-26 36 30.3843,0.065,0.041,90,4.378,-5.632,,,,,,,,,,,1,13.134997,-26.60844
195.8319,Cl* NGC  288    KHG      13,Star,00 52 56.53014,-26 32 53.2785,0.121,0.084,90,4.031,-5.647,18.63,17.94,,16.492,16.245,,,,,,1,13.235542,-26.548133
195.9537,Cl* NGC  288    KHG      29,Star,00 52 54.29,-26 32 23.6,,,,,,18.98,18.46,,,,,,,,,1,13.226208,-26.539889
196.4427,Cl* NGC  288    KHG      84,Star,00 52 56.66,-26 37 00.4,,,,,,20.16,19.68,,,,,,,,,1,13.236083,-26.616778
197.0868,Cl* NGC  288    KHG      85,Star,00 52 57.81,-26 33 15.4,,,,,,20.19,19.69,,,,,,,,,1,13.240875,-26.554278
197.8052,UCAC4 317-000930,Star,00 52 39.3282,-26 37 58.620,19,55,90,-2.6,-13.3,15.682,14.844,14.982,,,,,,,,1,13.163868,-26.63295
198.4946,Cl* NGC  288    KHG      97,Star,00 52 59.87,-26 35 27.2,,,,,,20.63,20.14,,,,,,,,,1,13.249458,-26.590889
198.4946,Cl* NGC  288    KHG      98,Star,00 52 59.87,-26 35 27.2,,,,,,20.71,20.19,,,,,,,,,1,13.249458,-26.590889
198.5385,Gaia DR2 2342903014997195136,Candidate_WD*,00 52 42.93830,-26 38 13.5241,0.727,0.607,90,3.245,-6.379,,,,,,,,,,,1,13.17891,-26.63709
198.9912,Cl* NGC  288    KHG      75,Star,00 52 59.48,-26 35 53.2,,,,,,19.92,19.5,,,,,,,,,1,13.247833,-26.598111
199.4918,RGO 12057,Star,00 52 31.93383,-26 33 28.3487,0.095,0.066,90,4.485,-5.462,,,,,,,,,,,2,13.133058,-26.557875
199.6006,Gaia DR2 2342908649994272640,Star,00 52 32.28937,-26 33 19.1499,0.695,0.559,90,3.554,-6.169,,,,,,,,,,,1,13.134539,-26.555319
200.0265,[MDL2014] 52,Candidate_HB*,00 52 50.78711,-26 38 03.0775,0.061,0.037,90,4.283,-5.726,,,,,,,,,,,1,13.211613,-26.634188
200.045,Cl* NGC  288    KHG      72,Star,00 52 58.33,-26 33 21.6,,,,,,19.88,19.39,,,,,,,,,1,13.243042,-26.556
200.1046,UCAC4 318-000998,Star,00 52 38.42180,-26 31 59.4309,0.022,0.016,90,21.958,-8.358,14.787,14.179,14.223,,,,,,,,1,13.160091,-26.533175
200.2268,Gaia DR2 2342908787431846016,Star,00 52 37.47613,-26 32 06.4040,0.778,0.567,90,4.406,-7.364,,,,,,,,,,,1,13.156151,-26.535112
201.2431,Gaia DR2 2342904492466033920,Star,00 52 59.53475,-26 35 58.5092,0.652,0.516,90,2.929,-7.351,,,,,,,,,,,1,13.248061,-26.599586
203.9001,Gaia DR2 2342904492465920512,Star,00 52 59.38665,-26 36 12.0313,0.576,0.488,90,4.436,-5.789,,,,,,,,,,,1,13.247444,-26.603342
204.6385,Gaia DR2 2342904355028306560,Candidate_WD*,00 52 56.63886,-26 37 13.4283,0.691,0.519,90,3.383,-7.415,,,,,,,,,,,1,13.235995,-26.620397
205.5178,CXOU J005238.1-263155,X,00 52 38.162,-26 31 55.14,,,,,,,,,,,,,,,,1,13.159008,-26.531983
206.8978,2MASS J00530056-2635206,RGB*,00 53 00.56732,-26 35 20.5350,0.041,0.027,90,4.178,-5.513,16.494,15.649,15.478,13.943,13.44,13.31,,,,,2,13.252364,-26.589038
207.2798,[MDL2014] 169,HB*,00 52 46.51947,-26 31 30.8324,0.057,0.04,90,4.461,-5.614,,,,,,,,,,,2,13.193831,-26.525231
207.5232,Cl* NGC  288    KHG      21,Star,00 52 54.99,-26 32 16.3,,,,,,18.95,18.36,,,,,,,,,1,13.229125,-26.537861
207.708,Gaia DR2 2342908134598470400,Star,00 52 56.83954,-26 32 39.8388,0.875,0.604,90,5.903,-6.141,,,,,,,,,,,1,13.236831,-26.5444
208.1597,2MASS J00525293-2637582,RGB*,00 52 52.94085,-26 37 58.1315,0.036,0.021,90,4.147,-5.608,15.786,14.852,14.969,13.167,12.613,12.54,,,,,2,13.220587,-26.632814
208.4841,2MASS J00524054-2638162,RGB*,00 52 40.55770,-26 38 16.2025,0.03,0.018,90,4.144,-5.576,15.782,14.822,,12.988,12.4,12.305,,,,,3,13.16899,-26.637834
208.9456,Cl* NGC  288    KHG      23,Star,00 52 55.85,-26 37 30.4,,,,,,18.91,18.39,,,,,,,,,1,13.232708,-26.625111
209.1873,[MDL2014] 288,HB*,00 52 49.31988,-26 38 19.3048,0.111,0.069,90,4.741,-5.729,,,,,,,,,,,2,13.2055,-26.638696
209.2135,Gaia DR2 2342904458106294272,Candidate_WD*,00 52 58.69493,-26 36 43.2411,0.584,0.486,90,4.851,-6.032,,,,,,,,,,,1,13.244562,-26.612011
210.0195,Gaia DR2 2342908787433188864,Star,00 52 37.93275,-26 31 51.6702,0.81,0.612,90,4.779,-6.033,,,,,,,,,,,1,13.158053,-26.53102
210.8322,Gaia DR2 2342904458106130560,Star,00 52 57.32794,-26 37 12.1798,0.608,0.456,90,4.842,-5.323,,,,,,,,,,,1,13.238866,-26.62005
211.9066,Gaia DR2 2342908821792555904,Star,00 52 42.71649,-26 31 28.2161,0.605,0.396,90,5.337,-7.712,,,,,,,,,,,1,13.177985,-26.524504
211.9093,2MASS J00523540-2637433,RGB*,00 52 35.41413,-26 37 43.3497,0.031,0.019,90,4.195,-5.753,15.837,14.876,14.752,13.044,12.497,12.406,,,,,2,13.147559,-26.628708
211.921,Cl* NGC  288    KHG      54,Star,00 52 53.80,-26 31 59.3,,,,,,19.47,19.02,,,,,,,,,1,13.224167,-26.533139
212.41,CXOU J005300.3-263352,X,00 53 00.307,-26 33 52.12,,,,,,,,,,,,,,,,1,13.251279,-26.564478
212.6376,2MASS J00523424-2637307,RGB*,00 52 34.25919,-26 37 30.7799,0.054,0.032,90,4.233,-5.553,17.058,16.255,,14.61,14.13,14.06,,,,,1,13.142747,-26.625217
213.2623,Cl* NGC  288    KHG      19,Star,00 52 59.49,-26 36 32.0,,,,,,18.91,18.32,,,,,,,,,1,13.247875,-26.608889
214.0754,2MASS J00524584-2631235,RGB*,00 52 45.84914,-26 31 23.4807,0.035,0.025,90,4.172,-5.541,16.17,15.2,15.426,14.002,13.528,13.44,,,,,6,13.191038,-26.523189
214.1071,Cl* NGC  288    SAN       8,Star,00 52 31.16511,-26 36 38.4102,0.048,0.032,90,4.281,-5.645,15.5,,,15.205,15.063,14.957,,,,,2,13.129855,-26.61067
214.3011,Gaia DR2 2342904458106127232,Star,00 52 59.23563,-26 36 40.7762,0.638,0.52,90,3.418,-7.667,,,,,,,,,,,1,13.246815,-26.611327
214.5763,2MASS J00525463-2637510,RGB*,00 52 54.64968,-26 37 50.9425,0.047,0.032,90,4.305,-5.661,16.876,16.096,,14.48,13.91,14.01,,,,,1,13.227707,-26.630817
214.9961,CXOU J005230.3-263616,X,00 52 30.336,-26 36 16.52,,,,,,,,,,,,,,,,1,13.1264,-26.604589
215.672,Gaia DR2 2342904389386654720,Star,00 52 57.57436,-26 37 15.7743,0.706,0.54,90,6.769,-2.985,,,,,,,,,,,1,13.239893,-26.621048
215.7677,CXOU J005230.9-263319,X,00 52 30.909,-26 33 19.47,,,,,,,,,,,,,,,,1,13.128788,-26.555408
216.3927,RGO 10728,Star,00 52 51.001,-26 38 19.53,,,,,,17.41,16.68,,,,,,,,,1,13.212504,-26.638758
216.9646,Cl* NGC  288    ALC     130,HB*,00 52 29.93272,-26 36 07.5245,0.052,0.033,90,4.155,-5.709,16,,,15.641,15.591,,,,,,2,13.12472,-26.60209
217.0058,Gaia DR2 2342904488172835328,Star,00 53 00.72758,-26 36 00.1343,0.616,0.501,90,2.947,-8.063,,,,,,,,,,,1,13.253032,-26.600037
217.7933,Cl* NGC  288    KHG      63,Star,00 52 53.04,-26 31 46.4,,,,,,19.59,19.15,,,,,,,,,1,13.221,-26.529556
217.8787,CXOU J005232.0-263705,X,00 52 32.092,-26 37 05.36,,,,,,,,,,,,,,,,1,13.133717,-26.618156
218.4556,Cl* NGC  288    KHG      10,Star,00 52 56.11594,-26 37 40.0232,0.121,0.081,90,4.197,-5.852,18.49,17.77,,16.688,15.726,15.806,,,,,1,13.233816,-26.627784
218.8417,Gaia DR2 2342908821792984448,Star,00 52 39.67583,-26 31 31.6870,0.717,0.517,90,3.949,-5.71,,,,,,,,,,,1,13.165316,-26.525469
219.5716,CXOU J005229.4-263553,X,00 52 29.413,-26 35 53.46,,,,,,,,,,,,,,,,1,13.122554,-26.598183
219.7308,Gaia DR2 2342904870422937216,Star,00 53 01.61975,-26 34 59.2291,0.514,0.364,90,5.172,-5.82,,,,,,,,,,,1,13.256749,-26.583119
219.7538,Cl* NGC  288    KHG      96,Star,00 53 01.04,-26 33 59.4,,,,,,20.67,20.13,,,,,,,,,1,13.254333,-26.5665
220.4501,[MDL2014] 292,HB*,00 53 00.04689,-26 36 33.0849,0.096,0.067,90,4.511,-5.57,,,,,,,,,,,2,13.250195,-26.60919
220.5981,Gaia DR2 2342908753074683520,Star,00 52 33.78233,-26 32 19.1862,0.654,0.445,90,3.412,-5.826,,,,,,,,,,,1,13.14076,-26.538663
221.2579,Cl* NGC  288    KHG      18,Star,00 52 55.98,-26 32 09.5,,,,,,18.93,18.31,,,,,,,,,1,13.23325,-26.535972
221.279,Cl* NGC  288    KHG      70,Star,00 52 59.81,-26 36 41.2,,,,,,19.79,19.36,,,,,,,,,1,13.249208,-26.611444
221.6307,Gaia DR2 2342902980636975872,Star,00 52 39.09506,-26 38 23.1396,0.541,0.373,90,3.26,-7.351,,,,,,,,,,,1,13.162896,-26.639761
223.1248,Gaia DR2 2342904423746388480,Star,00 53 00.28981,-26 36 32.4639,0.449,0.32,90,5.31,-5.342,,,,,,,,,,,1,13.251208,-26.609018
223.4427,[MDL2014] 347,HB*,00 52 50.32454,-26 38 30.1840,0.158,0.095,90,4.106,-5.475,,,,,,,,,,,2,13.209686,-26.641718
224.2433,Cl* NGC  288    ALC      78,RGB*,00 53 01.13,-26 36 07.1,,,,,,14.36,12.88,,,,,,,,,19,13.254708,-26.601972
224.2684,UCAC2  20765063,Star,00 53 01.13618,-26 36 06.9270,0.033,0.024,90,4.277,-5.659,14.399,12.981,12.74,10.57,9.799,9.617,,,,,1,13.254734,-26.601924
225.7663,Cl* NGC  288    KHG      93,Star,00 52 58.96,-26 37 08.2,,,,,,20.46,19.97,,,,,,,,,1,13.245667,-26.618944
226.1071,Gaia DR2 2342905179660674560,Star,00 53 00.17923,-26 33 12.7384,0.851,0.663,90,5.413,-6.711,,,,,,,,,,,1,13.250747,-26.553538
226.1152,Cl* NGC  288    KHG      28,Star,00 52 58.12,-26 37 23.3,,,,,,18.93,18.45,,,,,,,,,1,13.242167,-26.623139
228.1369,Cl* NGC  288    KHG      57,Star,00 53 00.17,-26 36 46.7,,,,,,19.51,19.08,,,,,,,,,1,13.250708,-26.612972
229.3191,Cl* NGC  288    KHG      83,Star,00 52 58.99,-26 37 13.7,,,,,,20.15,19.68,,,,,,,,,1,13.245792,-26.620472
229.7182,Cl* NGC  288    KHG      45,Star,00 52 57.54,-26 32 17.6,,,,,,19.27,18.83,,,,,,,,,1,13.23975,-26.538222
229.7439,Gaia DR2 2342904389388035456,Star,00 52 59.02663,-26 37 13.7497,0.435,0.304,90,5.201,-5.165,,,,,,,,,,,1,13.245944,-26.620486
230.097,CXOU J005233.8-263204,X,00 52 33.899,-26 32 04.80,,,,,,,,,,,,,,,,1,13.141246,-26.534667
230.4736,2MASS J00523596-2631432,RGB*,00 52 35.97412,-26 31 43.3346,0.045,0.032,90,4.24,-5.595,17.034,16.245,,14.7,14.23,14.07,,,,,1,13.149892,-26.528704
230.506,RGO 11736,Star,00 52 42.75703,-26 38 45.4882,0.07,0.043,90,4.205,-5.592,17.07,16.39,,,,,,,,,1,13.178154,-26.645969
230.9809,2MASS J00523458-2631558,RGB*,00 52 34.59194,-26 31 55.9039,0.042,0.03,90,4.078,-5.722,16.721,15.906,15.843,14.315,13.82,13.71,,,,,2,13.144133,-26.532196
231.5682,2MASS J00530236-2635260,RGB*,00 53 02.37119,-26 35 25.9960,0.046,0.032,90,4.197,-5.59,16.968,16.173,,14.52,14.18,13.92,,,,,1,13.25988,-26.590554
231.6181,Gaia DR2 2342907172524167424,Star,00 52 28.43399,-26 34 04.3300,0.617,0.481,90,6.264,-5.577,,,,,,,,,,,1,13.118475,-26.567869
231.8586,Cl* NGC  288    KHG      27,Star,00 52 56.82,-26 32 05.3,,,,,,18.89,18.42,,,,,,,,,1,13.23675,-26.534806
231.8866,Gaia DR2 2342908405179746304,Star,00 52 52.10966,-26 31 24.6207,0.741,0.555,90,7.558,-5.435,,,,,,,,,,,1,13.217124,-26.523506
232.1476,Cl* NGC  288    KHG      78,Star,00 52 57.22,-26 32 09.9,,,,,,20.09,19.62,,,,,,,,,1,13.238417,-26.536083
232.6709,Cl* NGC  288    SAN      29,HB*,00 52 42.84698,-26 31 06.9554,0.076,0.058,90,4.29,-5.423,16,,,16.604,16.069,,,,,,9,13.178529,-26.518599
232.9616,Cl* NGC  288    KHG      52,Star,00 53 01.44,-26 36 21.4,,,,,,19.42,18.96,,,,,,,,,1,13.256,-26.605944
232.9716,Gaia DR2 2342909199749673984,Star,00 52 42.42569,-26 31 07.5093,0.537,0.396,90,4.439,-7.279,,,,,,,,,,,1,13.176774,-26.518753
233.1285,Gaia DR2 2342908203317295232,Star,00 52 54.94305,-26 31 44.0110,0.731,0.531,90,4.846,-5.543,,,,,,,,,,,1,13.228929,-26.528892
233.3864,Gaia DR2 2342902843198597376,Star,00 52 51.47603,-26 38 35.2881,0.798,0.599,90,3.475,-6.524,,,,,,,,,,,1,13.214483,-26.643136
234.5397,Gaia DR2 2342903014996269440,Star,00 52 44.34355,-26 38 51.6314,0.62,0.43,90,5.467,-5.828,,,,,,,,,,,1,13.184765,-26.647675
234.6137,2MASS J00530082-2636440,RGB*,00 53 00.82399,-26 36 43.9522,0.022,0.016,90,4.287,-5.677,15.035,13.931,13.857,11.965,11.34,11.229,,,,,4,13.253433,-26.612209
235.0468,Cl* NGC  288    KHG      94,Star,00 52 59.16,-26 37 20.2,,,,,,20.48,19.98,,,,,,,,,1,13.2465,-26.622278
235.1805,Cl* NGC  288    SAN      19,HB*,00 53 02.57016,-26 35 33.0497,0.051,0.035,90,4.221,-5.812,16.5,,,15.741,15.765,15.574,,,,,5,13.260709,-26.592514
236.5451,Cl* NGC  288    KHG       1,Star,00 52 56.30070,-26 31 53.2004,0.061,0.043,90,4.313,-5.512,17.59,16.83,,15.335,15.053,14.904,,,,,1,13.234586,-26.531445
237.519,Cl* NGC  288    KHG      17,Star,00 53 00.97,-26 36 46.5,,,,,,18.86,18.27,,,,,,,,,1,13.254042,-26.612917
237.8754,Gaia DR2 2342902770183093504,Star,00 52 51.84429,-26 38 38.1721,0.507,0.365,90,5.752,-5.41,,,,,,,,,,,1,13.216018,-26.643937
238.7134,Cl* NGC  288    KHG      90,Star,00 53 00.82,-26 36 52.8,,,,,,20.24,19.77,,,,,,,,,1,13.253417,-26.614667
238.8132,Cl* NGC  288    KHG      43,Star,00 52 56.72,-26 31 54.9,,,,,,19.17,18.71,,,,,,,,,1,13.236333,-26.531917
238.8736,Gaia DR2 2342907241243638784,Candidate_WD*,00 52 28.06471,-26 33 54.3883,0.703,0.547,90,1.55,-7.636,,,,,,,,,,,1,13.116936,-26.565108
239.6019,CXOU J005234.8-263142,X,00 52 34.897,-26 31 42.08,,,,,,,,,,,,,,,,1,13.145404,-26.528356
239.9238,Gaia DR2 2342908753072100864,Star,00 52 33.70894,-26 31 54.0250,0.692,0.436,90,4.56,-6.143,,,,,,,,,,,1,13.140454,-26.531674
240.0611,2MASS J00523529-2631377,RGB*,00 52 35.30446,-26 31 37.7566,0.043,0.031,90,4.141,-5.616,16.772,15.944,,14.331,13.89,13.75,,,,,1,13.147102,-26.527155
240.2763,Gaia DR2 2342905106645328640,Star,00 53 02.60410,-26 33 58.4980,0.56,0.471,90,4.71,-5.558,,,,,,,,,,,1,13.26085,-26.566249
240.5469,Gaia DR2 2342907241243620736,Star,00 52 29.28873,-26 33 07.5595,0.719,0.639,90,5.431,-5.667,,,,,,,,,,,1,13.122036,-26.5521
240.6997,Cl* NGC  288    KHG      35,Star,00 52 56.22,-26 38 07.8,,,,,,18.99,18.49,,,,,,,,,1,13.23425,-26.6355
241.4133,Gaia DR2 2342908478195180032,Star,00 52 50.81544,-26 31 07.8709,0.526,0.371,90,6.256,-4.664,,,,,,,,,,,1,13.211731,-26.518853
242.335,2MASS J00523705-2631213,RGB*,00 52 37.06263,-26 31 21.3279,0.044,0.029,90,4.232,-5.604,16.827,16.008,,14.365,13.99,13.95,,,,,1,13.154428,-26.522591
243.3417,Gaia DR2 2342907241244600960,Star,00 52 27.74098,-26 33 53.3322,0.798,0.624,90,4.988,-6.038,,,,,,,,,,,1,13.115587,-26.564815
243.8702,Cl* NGC  288    KHG      91,Star,00 52 59.53,-26 37 28.2,,,,,,20.32,19.83,,,,,,,,,1,13.248042,-26.6245
244.3756,CXOU J005302.5-263612,X,00 53 02.583,-26 36 12.27,,,,,,,,,,,,,,,,1,13.260762,-26.603408
244.7398,Cl* NGC  288    KHG      58,Star,00 52 57.23,-26 38 01.9,,,,,,19.52,19.09,,,,,,,,,1,13.238458,-26.633861
245.1077,Cl* NGC  288    KHG      76,Star,00 52 55.40,-26 31 33.7,,,,,,20.01,19.54,,,,,,,,,1,13.230833,-26.526028
245.7502,Cl* NGC  288    SAN      12,Candidate_HB*,00 52 37.66258,-26 31 13.6689,0.056,0.035,90,4.297,-5.569,16,,,15.778,15.573,15.367,,,,,5,13.156927,-26.520464
246.586,[MDL2014] 90,Candidate_HB*,00 52 46.65168,-26 39 03.2582,0.067,0.039,90,4.368,-5.619,,,,,,,,,,,1,13.194382,-26.650905
246.7612,Cl* NGC  288    ALC     137,HB*,00 52 27.42447,-26 35 58.9336,0.072,0.046,90,4.245,-5.788,16.16,16.42,,16.562,,,,,,,11,13.114269,-26.599704
246.9189,Cl* NGC  288   BUON      19,Star,00 52 42.4074,-26 30 53.424,62,29,0,2.6,-13,15.68,15.54,16.024,15.961,16.067,15.763,,,,,6,13.176698,-26.51484
246.9855,2MASS J00525842-2637498,RGB*,00 52 58.43387,-26 37 49.7092,0.037,0.025,90,4.309,-5.727,16.385,15.434,15.473,13.762,13.185,13.18,,,,,2,13.243474,-26.630475
248.5746,Gaia DR2 2342904870423042304,Star,00 53 03.54696,-26 35 35.9671,0.65,0.59,90,6.055,-5.457,,,,,,,,,,,1,13.264779,-26.593324
248.8525,Gaia DR2 2342902804542652416,Star,00 52 44.87437,-26 39 06.2042,0.591,0.439,90,5.549,-6.252,,,,,,,,,,,1,13.186977,-26.651723
248.9997,Gaia DR2 2342908473899556992,Star,00 52 49.32718,-26 30 54.5151,0.558,0.378,90,6.857,-3.328,,,,,,,,,,,1,13.20553,-26.515143
249.1507,2MASS J00524042-2638581,RGB*,00 52 40.43558,-26 38 58.0760,0.039,0.023,90,4.09,-5.607,16.36,15.504,15.473,13.78,13.29,13.23,,,,,2,13.168482,-26.649466
249.1893,Cl* NGC  288    KHG      80,Star,00 52 59.01,-26 37 44.7,,,,,,20.1,19.64,,,,,,,,,1,13.245875,-26.629083
249.9186,Cl* NGC  288    KHG      60,Star,00 52 59.53,-26 37 37.8,,,,,,19.54,19.11,,,,,,,,,1,13.248042,-26.627167
250.2837,Cl* NGC  288    KHG      99,Star,00 52 58.77,-26 32 05.1,,,,,,20.69,20.19,,,,,,,,,1,13.244875,-26.53475
250.7609,Gaia DR2 2342908306398161024,Star,00 52 56.87297,-26 31 41.1394,0.068,0.047,90,4.454,-5.654,,,,,,,,,,,1,13.236971,-26.528094
250.9405,Cl* NGC  288    KHG      40,Star,00 52 55.27,-26 31 25.6,,,,,,19.03,18.55,,,,,,,,,1,13.230292,-26.523778
251.0975,Gaia DR2 2342904423747771392,Star,00 53 03.15236,-26 36 10.3684,0.585,0.41,90,6.791,-13.153,,,,,,,,,,,1,13.263135,-26.60288
251.4562,Gaia DR2 2342909199749671168,Star,00 52 42.60575,-26 30 48.4406,0.526,0.385,90,5.017,-6.193,,,,,,,,,,,1,13.177524,-26.513456
253.6615,Cl* NGC  288    KHG      46,Star,00 52 57.34,-26 31 42.5,,,,,,19.33,18.89,,,,,,,,,1,13.238917,-26.528472
253.704,Cl* NGC  288    KHG       6,Star,00 52 57.09,-26 31 39.7,,,,,,18.27,17.57,,,,,,,,,1,13.237875,-26.527694
254.2446,Cl* NGC  288    KHG      73,Star,00 52 57.82,-26 38 07.6,,,,,,19.87,19.41,,,,,,,,,1,13.240917,-26.635444
255.5072,RGO 11717,Star,00 52 43.57190,-26 39 11.9261,0.067,0.042,90,4.421,-5.539,17.07,16.25,,,,,,,,,1,13.18155,-26.653313
255.9564,2MASS J00523172-2631566,RGB*,00 52 31.72967,-26 31 56.6954,0.044,0.031,90,4.282,-5.614,17.004,16.197,,14.646,14.23,14.07,,,,,1,13.132207,-26.532415
256.3963,[MDL2014] 72,Candidate_HB*,00 52 53.93663,-26 38 45.7356,0.053,0.032,90,4.237,-5.737,,,,,,,,,,,1,13.224736,-26.646038
259.5319,Gaia DR2 2342904385090200704,Star,00 53 01.68046,-26 37 14.2791,0.713,0.499,90,5.052,-4.733,,,,,,,,,,,1,13.257002,-26.620633
260.458,Gaia DR2 2342904423747773440,Star,00 53 02.90663,-26 36 45.5230,0.499,0.374,90,3.96,-6.016,,,,,,,,,,,1,13.262111,-26.612645
260.7002,RGO 11953,Star,00 52 25.89625,-26 35 22.6354,0.075,0.042,90,4.442,-5.555,16.95,16.45,,,,,,,,,1,13.107901,-26.589621
261.5962,2MASS J00530472-2635055,RGB*,00 53 04.73209,-26 35 05.4882,0.053,0.037,90,4.145,-5.71,17.174,16.397,,14.79,14.44,14.22,,,,,1,13.269717,-26.584858
263.7674,Cl* NGC  288   BUON      20,Star,00 52 36.89595,-26 30 58.5744,0.023,0.016,90,4.092,-5.59,15.43,14.44,14.244,12.572,11.985,11.918,,,,,11,13.153733,-26.516271
263.773,[SIR99]  2,X,00 52 28.6,-26 37 18,,,,,,,,,,,,,,,,1,13.119167,-26.621667
265.6944,CXOU J005249.7-263038,X,00 52 49.731,-26 30 38.63,,,,,,,,,,,,,,,,1,13.207213,-26.510731
267.7537,Cl* NGC  288    KHG       8,Star,00 52 59.25119,-26 31 46.7429,0.108,0.073,90,4.34,-5.356,18.4,17.71,,16.4,15.895,,,,,,1,13.24688,-26.529651
268.4409,Cl* NGC  288    ALC      23,Star,00 52 47,-26 30.5,,,,,,13.5,12.79,,,,,,,,,4,13.195833,-26.508333
268.6903,NGC   288    23,Star,00 52 47.2,-26 30 30,,,,,,21.22,20.45,,,,,,,,,1,13.196667,-26.508333
269.227,Cl* NGC  288    KHG      92,Star,00 52 56.71,-26 31 16.5,,,,,,20.47,19.95,,,,,,,,,1,13.236292,-26.52125
269.3097,PHL   880,Blue,00 53.0,-26 38,,,,,,17.8,18,,,,,,,,,0,13.25,-26.633333
270.6037,2MASS J00524146-2639233,RGB*,00 52 41.47804,-26 39 23.2597,0.039,0.024,90,3.991,-5.757,16.364,15.486,,13.77,13.25,13.16,,,,,1,13.172825,-26.656461
272.1522,Cl* NGC  288    SAN      21,Star,00 53 03.84626,-26 33 08.9803,0.057,0.04,90,4.469,-5.38,15.953,15.82,16.126,16.049,15.65,15.277,,,,,2,13.266026,-26.552495
273.4403,Gaia DR2 2342903629175937152,Star,00 53 00.56239,-26 37 57.7925,0.762,0.578,90,4.934,-5.377,,,,,,,,,,,1,13.252343,-26.63272
273.7281,Gaia DR2 2342906171797204352,Star,00 52 27.60550,-26 37 15.1945,0.452,0.264,90,6.336,-8.028,,,,,,,,,,,1,13.115023,-26.620887
274.115,Gaia DR2 2342904904782662912,Star,00 53 05.45221,-26 34 17.1710,0.714,0.511,90,4.8,-6.54,,,,,,,,,,,1,13.272718,-26.571436
274.2919,RGO 10986,Star,00 53 04.8947,-26 33 41.840,70,36,90,2.2,-8.3,16.74,16.04,15.949,,,,,,,,1,13.270395,-26.561622
275.3579,Cl* NGC  288    SAN      20,Star,00 53 02.33909,-26 32 25.1157,0.125,0.069,90,4.298,-5.295,17,,,,,,,,,,3,13.259746,-26.54031
276.2418,[MDL2014] 157,HB*,00 52 53.77200,-26 39 08.8328,0.076,0.047,90,4.308,-5.558,,,,,,,,,,,1,13.22405,-26.652454
276.4809,2MASS J00530570-2634255,RGB*,00 53 05.71160,-26 34 25.4096,0.031,0.022,90,4.146,-5.685,15.99,15.042,15.071,13.46,12.811,12.77,,,,,2,13.273798,-26.573725
277.2491,CXOU J005259.9-263143,X,00 52 59.980,-26 31 43.10,,,,,,,,,,,,,,,,1,13.249917,-26.528639
277.317,Gaia DR2 2342908508258972416,Star,00 52 56.76484,-26 31 07.2028,0.772,0.582,90,1.699,-6.521,,,,,,,,,,,1,13.23652,-26.518667
278.0671,Gaia DR2 2342909058014788352,Candidate_WD*,00 52 33.91727,-26 31 04.5082,0.877,0.591,90,7.2,-5.171,,,,,,,,,,,1,13.141322,-26.517919
279.821,Gaia DR2 2342906176094462848,Star,00 52 28.23856,-26 37 39.5955,0.77,0.56,90,4.685,-6.823,,,,,,,,,,,1,13.117661,-26.627665
280.6899,2MASS J00530613-2635135,RGB*,00 53 06.13080,-26 35 13.4428,0.048,0.033,90,4.27,-5.552,16.89,16.122,15.895,14.66,14.13,14.17,,,,,2,13.275545,-26.587067
281.2387,Cl* NGC  288    KHG      79,Star,00 53 00.25,-26 38 13.8,,,,,,20.08,19.63,,,,,,,,,1,13.251042,-26.637167
281.4132,Cl* NGC  288    SAN      26,HB*,00 52 24.35252,-26 35 23.6843,0.087,0.058,90,5.096,-5.872,16.5,16.83,,16.561,,,,,,,6,13.101469,-26.589912
282.8096,Gaia DR2 2342907035085746944,Star,00 52 24.29290,-26 35 29.5098,0.717,0.557,90,4.996,-5.419,,,,,,,,,,,1,13.10122,-26.59153
283.9972,[MDL2014] 120,HB*,00 53 01.86393,-26 37 53.3175,0.068,0.045,90,4.376,-5.535,,,,,,,,,,,1,13.257766,-26.631477
285.0554,Gaia DR2 2342908267741113344,Star,00 53 01.04195,-26 31 46.8657,0.543,0.374,90,3.464,-6.796,,,,,,,,,,,1,13.254341,-26.529685
285.4423,NGC   288    27,Star,00 52 42.7,-26 30 14,,,,,,20.53,19.95,,,,,,,,,1,13.177917,-26.503889
285.582,Cl* NGC  288    SAN      28,HB*,00 52 35.46359,-26 39 11.1102,0.063,0.037,90,4.23,-5.652,15.796,15.684,15.909,15.853,16.109,15.694,,,,,5,13.147765,-26.653086
288.2422,Gaia DR2 2342903491736957312,Star,00 52 57.74619,-26 38 51.8256,0.721,0.509,90,5.528,-5.845,,,,,,,,,,,1,13.240609,-26.647729
288.6927,Cl* NGC  288    ALC      27,Star,00 52 42,-26 30.2,,,,,,15.86,14.92,,,,,,,,,9,13.175,-26.503333
289.5968,NGC   288    22,Star,00 52 47.2,-26 30 09,,,,,,19.43,18.96,,,,,,,,,1,13.196667,-26.5025
290.4546,Gaia DR2 2342909092374548352,Star,00 52 36.52056,-26 30 31.5540,0.913,0.677,90,4.157,-6.98,,,,,,,,,,,1,13.152169,-26.508765
291.6144,2MASS J00530441-2637146,RGB*,00 53 04.42730,-26 37 14.5637,0.038,0.025,90,4.305,-5.656,16.376,15.561,,13.871,13.37,13.33,,,,,1,13.268447,-26.620712
292.0688,Cl* NGC  288    SAN      13,HB*,00 52 37.80,-26 39 31.9,110,110,90,,,16,,,15.739,15.667,,,,,,2,13.1575,-26.658861
292.2066,Gaia DR2 2342905523257120256,Star,00 52 32.04217,-26 38 49.9061,0.906,0.557,90,3.752,-7.413,,,,,,,,,,,1,13.133509,-26.647196
292.3555,Cl* NGC  288    ALC      22,Star,00 52 47,-26 30.1,,,,,,14.96,14.29,,,,,,,,,4,13.195833,-26.501667
292.4592,NGC   288    32,Star,00 52 38.8,-26 30 18,,,,,,19.93,19.61,,,,,,,,,1,13.161667,-26.505
293.8281,2MASS J00522332-2635008,RGB*,00 52 23.33746,-26 35 00.9156,0.045,0.032,90,4.242,-5.57,16.758,15.924,,14.25,13.78,13.76,,,,,1,13.097239,-26.583588
294.9651,NGC   288    24,Star,00 52 46.6,-26 30 03,,,,,,21.49,20.97,,,,,,,,,1,13.194167,-26.500833
295.994,CXOU J005249.6-263007,X,00 52 49.682,-26 30 07.47,,,,,,,,,,,,,,,,1,13.207008,-26.502075
295.9954,[KBP2006] CX 30,X,00 52 57.23932,-26 30 49.0282,0.085,0.06,90,4.435,-5.85,,,,15.996,15.378,15.191,,,,,1,13.238497,-26.513619
296.4349,RGO 11125,Star,00 52 51.44833,-26 30 12.9124,0.057,0.044,90,4.338,-5.69,16.33,16.51,,16.6,,,,,,,3,13.214368,-26.503587
297.4174,Cl* NGC  288    ALC      25,Star,00 52 45,-26 30.0,,,,,,17.37,16.62,,,,,,,,,3,13.1875,-26.5
297.4641,NGC   288    25,Star,00 52 45.7,-26 30 00,,,,,,21.44,21.05,,,,,,,,,1,13.190417,-26.5
300.189,Cl* NGC  288    SAN      23,HB*,00 53 05.33171,-26 32 45.2991,0.062,0.045,90,4.471,-5.543,16.048,15.933,16.182,16.091,16.012,,,,,,6,13.272215,-26.545916
300.2109,2MASS J00525849-2630555,RGB*,00 52 58.49239,-26 30 55.5217,0.027,0.018,90,4.187,-5.691,15.871,14.938,14.807,13.244,12.736,12.67,,,,,5,13.243718,-26.515423
300.4392,Gaia DR2 2342902014268190592,Candidate_WD*,00 52 55.39675,-26 39 25.1924,1.934,1.126,90,0.242,-12.45,,,,,,,,,,,1,13.23082,-26.656998
300.981,2MASS J00530460-2637294,RGB*,00 53 04.61074,-26 37 29.3689,0.045,0.029,90,4.235,-5.738,16.728,15.928,15.596,14.247,13.78,13.7,,,,,2,13.269211,-26.624825
301.7574,2MASS J00524103-2639539,RGB*,00 52 41.04428,-26 39 53.8659,0.043,0.026,90,4.208,-5.658,16.652,15.81,15.627,14.134,13.58,13.55,,,,,2,13.171018,-26.664963
301.8999,Cl* NGC  288    SAN      27,Star,00 52 30.17595,-26 38 41.7473,0.052,0.031,90,4.302,-5.6,15.803,15.709,15.926,15.559,15.81,,,,,,6,13.125733,-26.64493
303.1208,Cl* NGC  288    ALC      15,Star,00 52 54,-26 30.3,,,,,,17.57,16.5,,,,,,,,,3,13.225,-26.505
303.6527,Gaia DR2 2342905591976510976,Star,00 52 27.82291,-26 38 11.4193,0.498,0.334,90,6.157,-4.57,,,,,,,,,,,1,13.115929,-26.636505
304.4283,Gaia DR2 2342904836064643200,Star,00 53 07.82899,-26 35 26.7952,0.61,0.495,90,5.242,-6.27,,,,,,,,,,,1,13.282621,-26.590776
306.8717,2MASS J00523129-2639008,RGB*,00 52 31.3116,-26 39 00.878,39,30,0,-10,5.5,15.092,14.386,14.716,13.1,12.69,12.6,,,,,3,13.130465,-26.650244
307.6445,NGC   288    21,Star,00 52 47.3,-26 29 51,,,,,,19.73,19.26,,,,,,,,,1,13.197083,-26.4975
307.7964,NGC   288    15,Star,00 52 54.7,-26 30 17,,,,,,20.87,19.37,,,,,,,,,2,13.227917,-26.504722
308.0493,RGO 10703,HB*,00 52 59.34413,-26 39 00.5454,0.089,0.054,90,4.389,-5.594,16.42,16.68,,,,,,,,,10,13.247267,-26.650152
310.3001,Cl* NGC  288    ALC      21,Star,00 52 47,-26 29.8,,,,,,16.79,15.88,,,,,,,,,2,13.195833,-26.496667
312.0869,NGC   288    33,Star,00 52 35.5,-26 30 14,,,,,,19.72,19.38,,,,,,,,,2,13.147917,-26.503889
312.2155,NGC   288    14,Star,00 52 57.0,-26 30 28,,,,,,21.06,20.46,,,,,,,,,1,13.2375,-26.507778
313.4306,NGC   288    13,Star,00 52 57.9,-26 30 34,,,,,,20.51,20.09,,,,,,,,,1,13.24125,-26.509444
313.5627,NAME GSA N02,LSB_G,00 52 22.029,-26 34 20.42,,,,,,15.79,15.11,,13.345,12.627,12.498,,0.367,0.191,85,5,13.091788,-26.572339
314.0728,2MASS J00524910-2640072,RGB*,00 52 49.11404,-26 40 07.1468,0.035,0.022,90,4.139,-5.675,15.919,14.938,14.863,13.237,12.66,12.596,,,,,4,13.204642,-26.668652
316.7358,RGO 11711,Star,00 52 32.03185,-26 39 19.9819,0.058,0.037,90,4.376,-5.515,17.423,16.444,16.334,,,,,,,,1,13.133466,-26.655551
317.1721,PHL  3051,Blue,00 52 25.16116,-26 32 10.0018,0.073,0.053,90,4.435,-5.469,17.5,,,,,,,,,,4,13.104838,-26.536112
318.7936,Cl* NGC  288     AL      47,Star,00 52 22.51728,-26 33 24.1322,0.076,0.055,90,4.253,-5.642,18,17.22,,15.67,15.47,15.19,,,,,3,13.093822,-26.556703
320.0393,CXOU J005235.7-263003,X,00 52 35.748,-26 30 03.80,,,,,,,,,,,,,,,,1,13.14895,-26.501056
321.0028,NGC   288    28,Star,00 52 42.2,-26 29 39,,,,,,,,,,,,,,,,1,13.175833,-26.494167
321.9576,2MASS J00524189-2629386,RGB*,00 52 41.89832,-26 29 38.5807,0.035,0.028,90,4.212,-5.503,16.613,15.787,15.521,14.17,13.67,13.63,,,,,2,13.174576,-26.49405
322.4245,Cl* NGC  288    ALA     894,Star,00 52 52,-26 29.8,,,,,,15.64,14.63,,,,,,,,,4,13.216667,-26.496667
323.3626,CXOU J005233.8-263012,X,00 52 33.818,-26 30 12.67,,,,,,,,,,,,,,,,1,13.140908,-26.503519
323.401,NGC   288    26,Star,00 52 45.3,-26 29 34,,,,,,21.68,,,,,,,,,,1,13.18875,-26.492778
323.9685,NGC   288    30,Star,00 52 41.2,-26 29 38,,,,,,19.05,18.54,,,,,,,,,1,13.171667,-26.493889
324.1474,NGC   288    19,Star,00 52 52.2,-26 29 47,,,,,,15.69,14.59,,,,,,,,,1,13.2175,-26.496389
324.3276,Cl* NGC  288    ALC      28,Star,00 52 42,-26 29.6,,,,,,17.68,16.98,,,,,,,,,3,13.175,-26.493333
325.1182,NGC   288    34,Star,00 52 33.5,-26 30 13,,,,,,19.34,18.98,,,,,,,,,1,13.139583,-26.503611
325.8863,NGC   288    18,Star,00 52 52.4,-26 29 46,,,,,,16.18,14.78,,,,,,,,,1,13.218333,-26.496111
326.2922,NGC   288    16,Star,00 52 53.6,-26 29 51,,,,,,21,20.76,,,,,,,,,1,13.223333,-26.4975
326.3977,Cl* NGC  288    ALC      30,Star,00 52 41,-26 29.6,,,,,,16.74,16.87,,,,,,,,,0,13.170833,-26.493333
328.4532,Gaia DR2 2342904836063243264,Star,00 53 09.67639,-26 35 18.2617,0.618,0.471,90,4.917,-6.638,,,,,,,,,,,1,13.290318,-26.588406
330.2367,PHL  3067,Blue,00 53.1,-26 32,,,,,,17.5,,,,,,,,,,0,13.275,-26.533333
330.9522,NGC   288    12,Star,00 52 58.1,-26 30 15,,,,,,20.73,20.22,,,,,,,,,1,13.242083,-26.504167
331.1185,Cl* NGC  288    ALC      24,HB*,00 53 04.17162,-26 38 29.9544,0.09,0.045,90,4.294,-5.566,15.922,15.94,15.92,16.071,,,,,,,9,13.267382,-26.641654
331.4459,NGC   288    29,Star,00 52 42.5,-26 29 28,,,,,,,,,,,,,,,,1,13.177083,-26.491111
333.0912,Gaia DR2 2342904041492829312,Candidate_WD*,00 53 08.69867,-26 36 46.7195,0.728,0.58,90,5.808,-7.998,,,,,,,,,,,1,13.286244,-26.612978
334.9672,Gaia DR2 2342905518961514752,Star,00 52 28.86636,-26 39 10.3627,0.598,0.454,90,4.895,-3.053,,,,,,,,,,,1,13.120277,-26.652879
335.037,2MASS J00531020-2634538,RGB*,00 53 10.21437,-26 34 53.6946,0.037,0.028,90,4.311,-5.515,16.519,15.65,,13.99,13.436,13.41,,,,,1,13.29256,-26.581582
336.6395,NGC   288    31,Star,00 52 39.1,-26 29 31,,,,,,18.68,18.04,,,,,,,,,2,13.162917,-26.491944
336.6733,RGO 11908,Star,00 52 20.75134,-26 36 11.2670,0.039,0.027,90,15.098,-6.438,16.899,15.752,15.556,,,,,,,,1,13.086464,-26.60313
336.9021,RGO 11934,Star,00 52 20.37615,-26 35 45.0659,0.041,0.027,90,11.096,1.311,16.44,15.71,15.784,,,,,,,,1,13.084901,-26.595852
338.1916,[SIR99]  3,X,00 53 10.4,-26 34 36,,,,,,,,,,,,,,,,1,13.293333,-26.576667
338.5071,NGC   288    17,Star,00 52 54.4,-26 29 42,,,,,,17.92,17.24,,,,,,,,,1,13.226667,-26.495
339.2256,Cl* NGC  288    SAN      14,Star,00 52 39.01341,-26 40 26.1903,0.09,0.053,90,4.193,-5.706,16.52,16.91,,,,,,,,,5,13.162556,-26.673942
341.9573,CXOU J005257.5-262957,X,00 52 57.519,-26 29 57.76,,,,,,,,,,,,,,,,1,13.239663,-26.499378
342.2434,Cl* NGC  288    ALC      20,Star,00 52 51,-26 29.4,,,,,,16.25,15.51,,,,,,,,,4,13.2125,-26.49
344.4866,NGC   288    20,Star,00 52 51.7,-26 29 24,,,,,,16.5,16.63,,,,,,,,,3,13.215417,-26.49
344.4975,2MASS J00530066-2630220,RGB*,00 53 00.67029,-26 30 22.0708,0.048,0.036,90,4.204,-5.15,17.101,16.325,16.089,14.79,14.32,14.282,,,,,4,13.252793,-26.506131
345.7897,2MASS J00522151-2632418,RGB*,00 52 21.52777,-26 32 41.9018,0.019,0.014,90,4.121,-5.704,14.401,13.339,13.217,11.221,10.578,10.402,,,,,3,13.089699,-26.544973
345.8733,CXOU J005241.7-262914,X,00 52 41.735,-26 29 14.74,,,,,,,,,,,,,,,,1,13.173896,-26.487428
347.5678,Cl* NGC  288     AL      45,Star,00 52 19.36374,-26 34 39.7762,0.039,0.024,90,-5.299,-1.301,12.962,12.458,12.509,11.422,11.15,11.103,,,,,4,13.080682,-26.577716
350.0819,Gaia DR2 2342903594816207616,Star,00 53 08.40432,-26 37 38.7671,0.471,0.346,90,5.175,-7.365,,,,,,,,,,,1,13.285018,-26.627435
352.0991,2MASS J00531111-2633589,RGB*,00 53 11.12084,-26 33 58.8645,0.032,0.023,90,4.25,-5.676,16.188,15.291,,13.58,13.09,12.99,,,,,1,13.296337,-26.566351
353.3375,NGC   288    11,Star,00 52 57.4,-26 29 44,,,,,,19.51,19.1,,,,,,,,,2,13.239167,-26.495556
354.0603,Gaia DR2 2344406459707950720,Star,00 53 09.40798,-26 32 35.2090,0.891,0.64,90,6.716,-3.353,,,,,,,,,,,1,13.2892,-26.543114
354.4146,NGC   288    41,Star,00 52 45.0,-26 29 03,,,,,,20.84,20.34,,,,,,,,,1,13.1875,-26.484167
357.6206,NGC   288    10,Star,00 52 59.7,-26 29 57,,,,,,19.97,19.47,,,,,,,,,1,13.24875,-26.499167
359.0894,Gaia DR2 2342903423017455872,Star,00 53 01.57048,-26 39 41.9872,0.501,0.341,90,4.373,-5.858,,,,,,,,,,,1,13.256544,-26.661663
360.4412,NGC   288    40,Star,00 52 43.2,-26 28 58,,,,,,20.27,19.79,,,,,,,,,2,13.18,-26.482778
361.2426,NGC   288    35,Star,00 52 34.7,-26 29 25,,,,,,20.1,19.65,,,,,,,,,1,13.144583,-26.490278
361.5437,Gaia DR2 2342904973503579392,Star,00 53 12.02796,-26 34 17.7265,0.694,0.537,90,5.962,-6.743,,,,,,,,,,,1,13.300117,-26.571591
362.6495,Gaia DR2 2342903457377203968,Star,00 53 03.76327,-26 39 21.6217,0.779,0.596,90,4.41,-5.408,,,,,,,,,,,1,13.26568,-26.656006
362.9071,NGC   288    48,Star,00 52 51.7,-26 29 05,,,,,,21.01,20.66,,,,,,,,,1,13.215417,-26.484722
364.3674,NGC   288     9,Star,00 52 59.7,-26 29 49,,,,,,20.74,20.25,,,,,,,,,1,13.24875,-26.496944
364.5092,NGC   288    39,Star,00 52 41.7,-26 28 56,,,,,,20,19.55,,,,,,,,,1,13.17375,-26.482222
365.6346,Gaia DR2 2342903972773343616,Star,00 53 10.64266,-26 37 10.0972,0.103,0.071,90,4.269,-5.657,,,,,,,,,,,1,13.294344,-26.619471
365.7346,Gaia DR2 2342906691489392128,Star,00 52 18.22739,-26 35 47.1523,0.701,0.56,90,3.654,-6.964,,,,,,,,,,,1,13.075947,-26.596431
365.8052,NGC   288     1,Star,00 53 03.6,-26 30 27,,,,,,19.16,18.72,,,,,,,,,1,13.265,-26.5075
365.934,Cl* NGC  288    ALC      35,Star,00 52 34,-26 29.4,,,,,,15.89,15.95,,,,,,,,,1,13.141667,-26.49
370.3239,NGC   288    53,Star,00 52 56.03485,-26 29 16.5867,0.039,0.032,90,4.3,-5.732,15.974,15.929,16.183,15.871,15.632,,,,,,11,13.233479,-26.487941
371.5117,NGC   288    42,Star,00 52 43.1,-26 28 47,,,,,,21.32,21,,,,,,,,,2,13.179583,-26.479722
372.0191,NGC   288    49,Star,00 52 53.9,-26 29 04,,,,,,19.28,18.82,,,,,,,,,1,13.224583,-26.484444
372.0598,NGC   288     3,Star,00 53 01.7,-26 29 58,,,,,,20.82,20.46,,,,,,,,,2,13.257083,-26.499444
372.4828,Gaia DR2 2342903972773770368,Star,00 53 11.07875,-26 37 13.9456,0.556,0.415,90,4.845,-6.401,,,,,,,,,,,1,13.296161,-26.62054
372.9862,RGO 11068,Star,00 53 10.60292,-26 32 24.6866,0.022,0.016,90,4.182,-5.687,14.973,13.859,13.718,,,,,,,,2,13.294179,-26.540191
373.7189,Gaia DR2 2342905828199190144,Star,00 52 21.37393,-26 38 10.3228,0.792,0.564,90,7.264,-4.698,,,,,,,,,,,1,13.089058,-26.636201
375.2257,NGC   288     8,Star,00 52 58.9,-26 29 30,,,,,,20.42,19.87,,,,,,,,,1,13.245417,-26.491667
377.4524,2MASS J00530644-2630494,RGB*,00 53 06.44696,-26 30 49.4198,0.041,0.03,90,4.243,-6.097,16.542,15.73,15.562,14.16,13.69,13.58,,,,,2,13.276862,-26.513728
380.049,Gaia DR2 2342905759479692928,Star,00 52 22.89654,-26 38 51.1827,0.708,0.508,90,4.934,-6.516,,,,,,,,,,,1,13.095402,-26.647551
380.8798,NGC   288    38,Star,00 52 40.9,-26 28 41,,,,,,21.34,20.94,,,,,,,,,1,13.170417,-26.478056
383.1017,Gaia DR2 2344406253550041088,Star,00 53 12.49630,-26 33 03.1728,0.092,0.07,90,4.488,-5.519,,,,,,,,,,,1,13.302068,-26.550881
383.1106,RGO 10673,Star,00 52 57.85581,-26 40 41.1410,0.07,0.042,90,4.311,-5.603,17.557,16.703,15.705,,,,,,,,1,13.241066,-26.678095
384.1418,CXOU J005300.3-262931,X,00 53 00.341,-26 29 31.06,,,,,,,,,,,,,,,,1,13.251421,-26.491961
386.3863,Cl* NGC  288     AL      35,HB*,00 52 28.66574,-26 40 13.4702,0.06,0.034,90,4.198,-5.571,15.896,15.892,16.047,15.803,15.982,,,,,,10,13.119441,-26.670408
387.0623,NGC   288    46,PM*,00 52 48.99505,-26 28 33.6324,0.16,0.135,90,50.502,14.783,16.442,14.93,14.406,11.57,10.998,10.765,,,,,2,13.204146,-26.476009
387.8136,CXOU J005233.8-262901,X,00 52 33.838,-26 29 01.05,,,,,,,,,,,,,,,,1,13.140992,-26.483625
387.8689,RGO 10922,Star,00 53 14.11887,-26 34 38.3397,0.056,0.039,90,7.505,-6.095,17.39,16.51,,,,,,,,,1,13.308829,-26.577317
389.5825,NGC   288    43,Star,00 52 47.5,-26 28 29,,,,,,19.63,19.12,,,,,,,,,1,13.197917,-26.474722
389.7698,Cl* NGC  288    ALC       7,Star,00 53 01,-26 29.5,,,,,,15,13.87,,,,,,,,,9,13.254167,-26.491667
389.846,NGC   288    50,Star,00 52 54.3,-26 28 47,,,,,,21.67,20.85,,,,,,,,,1,13.22625,-26.479722
390.6056,NGC   288    54,Star,00 52 58.4,-26 29 09,,,,,,20.6,20.23,,,,,,,,,1,13.243333,-26.485833
390.9029,Cl* NGC  288    ALC      54,Star,00 52 58,-26 29.1,,,,,,15.92,15.2,,,,,,,,,0,13.241667,-26.485
391.039,Cl* NGC  288    ALC      52,Star,00 52 56,-26 28.9,,,,,,14.02,13.36,,,,,,,,,0,13.233333,-26.481667
391.7327,Gaia DR2 2342901846767262592,Candidate_WD*,00 52 46.04184,-26 41 28.9851,0.685,0.504,90,3.741,-6.364,,,,,,,,,,,1,13.191841,-26.691385
392.7634,NGC   288    52,Star,00 52 56.7,-26 28 56,,,,,,20.76,20.25,,,,,,,,,1,13.23625,-26.482222
392.8224,2MASS J00522548-2639475,RGB*,00 52 25.49591,-26 39 47.5915,0.039,0.023,90,4.212,-5.647,16.328,15.458,15.367,13.766,13.24,13.15,,,,,2,13.106233,-26.66322
393.6412,NGC   288     7,Star,00 53 01.3,-26 29 28,,,,,,20.97,20.93,,,,,,,,,1,13.255417,-26.491111
393.6894,2MASS J00531301-2637047,RGB*,00 53 13.01817,-26 37 04.6164,0.027,0.02,90,4.186,-5.745,15.641,14.662,14.552,12.888,12.305,12.226,,,,,4,13.304242,-26.617949
394.4594,2MASS J00521636-2633426,RGB*,00 52 16.36945,-26 33 42.6638,0.035,0.025,90,4.255,-5.669,16.257,15.414,15.154,13.726,13.23,13.16,,,,,5,13.068206,-26.561851
395.2308,Gaia DR2 2344406558492160384,Star,00 53 10.53573,-26 31 34.8936,0.09,0.067,90,4.232,-5.534,,,,,,,,,,,1,13.293899,-26.526359
395.508,NGC   288     6,Star,00 53 02.1,-26 29 33,,,,,,21.61,20.95,,,,,,,,,2,13.25875,-26.4925
397.2114,Cl* NGC  288    ALC       6,Star,00 53 02,-26 29.5,,,,,,17.01,17.12,,,,,,,,,2,13.258333,-26.491667
397.4175,Cl* NGC  288     AL      51,PM*,00 52 24.96808,-26 30 07.6755,0.028,0.02,90,3.07,-64.159,16.69,15.22,,12.147,11.505,11.298,,,,,3,13.104034,-26.502132
397.4942,[SIR99]  4,X,00 52 41.0,-26 28 24,,,,,,,,,,,,,,,,1,13.170833,-26.473333
399.0448,NGC   288    37,Star,00 52 35.8,-26 28 39,,,,,,19.61,19.24,,,,,,,,,1,13.149167,-26.4775
401.2827,NGC   288    51,Star,00 52 56.0,-26 28 43,,,,,,20.52,20.11,,,,,,,,,1,13.233333,-26.478611
401.4825,2MASS J00521846-2631579,RGB*,00 52 18.47194,-26 31 57.9663,0.041,0.029,90,4.255,-5.72,16.837,16.032,,14.43,13.91,13.86,,,,,1,13.076966,-26.532768
402.216,Cl* NGC  288    ALC      51,Star,00 52 56,-26 28.7,,,,,,16.69,15.22,,,,,,,,,0,13.233333,-26.478333
403.6652,2MASS J00531493-2633524,RGB*,00 53 14.93650,-26 33 52.3580,0.03,0.021,90,4.191,-5.717,16.018,14.993,15.021,13.363,12.82,12.768,,,,,4,13.312235,-26.564544
404.4767,Cl* NGC  288    ALC      47,Star,00 52 50,-26 28.3,,,,,,18,17.22,,,,,,,,,0,13.208333,-26.471667
405.6778,NGC   288    47,Star,00 52 50.1,-26 28 17,,,,,,20.81,20.25,,,,,,,,,1,13.20875,-26.471389
406.1607,Cl* NGC  288     AL      52,Star,00 52 27.27855,-26 29 30.4935,0.019,0.015,90,0.119,-10.181,14.02,13.36,,12.058,11.703,11.648,,,,,3,13.113661,-26.491804
411.4913,NGC   288     4,Star,00 53 04.2,-26 29 34,,,,,,20.44,20.06,,,,,,,,,1,13.2675,-26.492778
411.8047,NGC   288    44,Star,00 52 46.6,-26 28 06,,,,,,20.23,19.72,,,,,,,,,1,13.194167,-26.468333
411.9286,BPM 46703,Star,00 52.4,-26 30,,,,,,14.03,13.35,,,,,,,,,2,13.1,-26.5
413.0016,Cl* NGC  288    ALC       4,Star,00 53 04,-26 29.5,,,,,,16,15.01,,,,,,,,,8,13.266667,-26.491667
413.0972,RGO 10710,Star,00 53 10.60117,-26 38 51.8711,0.038,0.019,90,-7.452,-8.125,14.887,14.266,14.229,,,,,,,,1,13.294172,-26.647742
414.5625,NGC   288     5,Star,00 53 03.6,-26 29 24,,,,,,21.1,20.5,,,,,,,,,1,13.265,-26.49
415.836,NGC   288    36,Star,00 52 35.2,-26 28 24,,,,,,19.71,19.34,,,,,,,,,1,13.146667,-26.473333
416.5911,Gaia DR2 2344409822667323136,Star,00 52 57.56377,-26 28 35.0472,0.437,0.385,90,5.033,-6.273,,,,,,,,,,,1,13.239849,-26.476402
417.5033,NGC   288    45,Star,00 52 47.5,-26 28 01,,,,,,20.73,20.28,,,,,,,,,1,13.197917,-26.466944
418.0678,Cl* NGC  288    ALC      45,Star,00 52 47,-26 28.0,,,,,,12.99,12.49,,,,,,,,,0,13.195833,-26.466667
418.8173,2MASS J00524057-2628033,RGB*,00 52 40.57045,-26 28 03.2981,0.023,0.02,90,4.157,-5.739,16.024,15.109,15.016,13.438,12.901,12.84,,,,,9,13.169044,-26.467583
419.1805,EGM 453,PM*,00 53 16.46047,-26 34 39.8110,0.034,0.025,90,-32.696,-120.425,13.31,12.48,12.52,10.92,10.475,10.393,,,,,4,13.318585,-26.577725
422.5934,RGO 10664,Star,00 52 51.39332,-26 41 51.8620,0.041,0.025,90,4.452,-4.8,16.07,15.268,15.314,,,,,,,,1,13.214139,-26.697739
424.6661,NGC   288    81,Star,00 52 38.0,-26 28 04,,,,,,19.72,19.26,,,,,,,,,1,13.158333,-26.467778
428.9469,NGC   288    63,PM*,00 52 54.33174,-26 28 06.1745,0.017,0.014,90,-36.735,-47.055,15.45,13.997,13.581,11.059,10.464,10.268,,,,,6,13.226382,-26.468382
430.4264,Gaia DR2 2342903148140207488,Star,00 53 04.70847,-26 40 39.6290,0.896,0.682,90,3.206,-6.932,,,,,,,,,,,1,13.269619,-26.677675
431.7236,UCAC2  20765079,PM*,00 53 10.83272,-26 39 19.3135,0.045,0.029,90,52.805,-16.423,13.469,12.753,12.749,11.488,11.17,11.09,,,,,2,13.295136,-26.655365
433.3731,Gaia DR2 2342903152436091008,Star,00 53 04.42087,-26 40 46.2060,0.797,0.569,90,5.474,-5.554,,,,,,,,,,,1,13.26842,-26.679502
435.0958,NGC   288    60,Star,00 52 58.1,-26 28 18,,,,,,20.92,19.4,,,,,,,,,1,13.242083,-26.471667
437.1359,2MASS J00524957-2642106,RGB*,00 52 49.58218,-26 42 10.6420,0.024,0.016,90,4.251,-5.702,14.886,13.757,13.815,,11.18,,,,,,3,13.206592,-26.702956
441.1291,2MASS J00521239-2635224,RGB*,00 52 12.40735,-26 35 22.4859,0.044,0.03,90,4.031,-5.144,16.433,15.725,15.591,13.971,13.44,13.36,,,,,2,13.051697,-26.589579
442.2422,NGC   288    80,Star,00 52 37.35568,-26 27 48.0043,0.017,0.015,90,-2.167,-30.879,15.179,13.919,13.554,11.559,10.928,10.808,,,,,5,13.155649,-26.463335
443.1945,NGC   288    64,Star,00 52 51.0,-26 27 41,,,,,,20.31,19.75,,,,,,,,,1,13.2125,-26.461389
443.637,NGC   288    79,Star,00 52 38.9,-26 27 42,,,,,,21.32,20.78,,,,,,,,,1,13.162083,-26.461667
445.6395,TYC 6424-1979-1,Star,00 52 17.170,-26 30 59.22,108,100,0,1.7,6.2,13.41,12.22,,,,,,,,,0,13.071542,-26.51645
450.349,NGC   288    55,Star,00 53 04.0,-26 28 44,,,,,,19.47,19.07,,,,,,,,,1,13.266667,-26.478889
450.4045,NGC   288    77,Star,00 52 43.00,-26 27 28.0,,,,,,21.54,20.6,,,,,,,,,10,13.179167,-26.457778
451.4679,PHL  3061,Blue,00 52 43.98453,-26 42 28.5540,0.084,0.061,90,3.999,-5.409,17.6,,,,,,,,,,4,13.183269,-26.707932
452.009,Cl* NGC  288    ALC      55,Star,00 53 04,-26 28.7,,,,,,16.55,14.94,,,,,,,,,4,13.266667,-26.478333
454.7224,NGC   288    62,Star,00 52 56.6,-26 27 49,,,,,,20.33,19.91,,,,,,,,,1,13.235833,-26.463611
455.7329,NGC   288    61,Star,00 52 58.7,-26 27 59,,,,,,20.99,20.54,,,,,,,,,1,13.244583,-26.466389
458.876,NGC   288    76,Star,00 52 42.5,-26 27 20,,,,,,20.66,20,,,,,,,,,1,13.177083,-26.455556
459.4615,NGC   288    70,Star,00 52 45.8,-26 27 18,,,,,,20.21,19.63,,,,,,,,,1,13.190833,-26.455
460.5287,[SIR99]  5,X,00 53 18.1,-26 37 11,,,,,,,,,,,,,,,,1,13.325417,-26.619722
461.0473,NGC   288    65,Star,00 52 50.6,-26 27 22,,,,,,19.79,19.32,,,,,,,,,1,13.210833,-26.456111
468.4762,NGC   288    59,Star,00 53 01.8,-26 28 05,,,,,,21.59,20.81,,,,,,,,,1,13.2575,-26.468056
469.0648,NGC   288    69,Star,00 52 47.1,-26 27 09,,,,,,21.32,20.39,,,,,,,,,1,13.19625,-26.4525
471.8855,NGC   288    56,Star,00 53 04.2,-26 28 20,,,,,,16.91,16.13,,,,,,,,,1,13.2675,-26.472222
472.2754,Cl* NGC  288    CAN       8,Star,00 52 29.5000,-26 27 55.005,25,24,0,11.3,-3.9,15.223,14.522,14.455,13.22,12.83,12.78,,,,,3,13.122917,-26.465279
473.2777,NGC   288    78,Star,00 52 39.7,-26 27 10,,,,,,19.68,19.38,,,,,,,,,3,13.165417,-26.452778
474.1345,CD-27   284,Star,00 53 19.23490,-26 32 47.8452,0.067,0.05,90,25.499,-10.814,10.823,10.271,10.316,9.321,9.05,8.983,,,,,3,13.330145,-26.546624
474.4128,NGC   288    71,Star,00 52 45.5,-26 27 03,,,,,,20.92,20.37,,,,,,,,,1,13.189583,-26.450833
475.6804,Cl* NGC  288    SAN      24,Star,00 53 20.34532,-26 36 04.8325,0.048,0.034,90,4.202,-5.457,15.818,15.742,15.985,15.781,15.577,15.55,,,,,5,13.334772,-26.601342
476.5325,Cl* NGC  288    SAN       1,Star,00 52 11.50086,-26 37 26.8021,0.073,0.045,90,4.257,-5.615,16.34,16.47,,16.552,15.996,,,,,,5,13.04792,-26.624112
477.8174,LEDA  767676,Galaxy,00 52 42.5,-26 27 01,,,,,,,,,,,,,0.27,0.18,143,1,13.177083,-26.450278
479.3085,RGO 10670,Star,00 53 05.86896,-26 41 28.8501,0.035,0.021,90,10.629,-7.058,15.823,14.969,14.839,,,,,,,,1,13.274454,-26.691347
479.9759,PHL  3045,Blue,00 52.2,-26 32,,,,,,18.1,,,,,,,,,,0,13.05,-26.533333
484.37,NGC   288    68,Star,00 52 47.40568,-26 26 53.9030,0.026,0.022,90,9.29,-17.577,13.66,12.799,12.642,11.381,11.041,10.97,,,,,7,13.197524,-26.448306
484.9986,Cl* NGC  288    SAN      25,UV,00 52 16.07012,-26 30 11.0338,0.102,0.067,90,4.51,-5.529,17.3,,,,,,,,,,3,13.066959,-26.503065
485.2297,Cl* NGC  288    SAN      11,Star,00 52 32.82311,-26 42 33.1794,0.094,0.069,90,4.289,-5.479,17,,,,,,,,,,2,13.136763,-26.709216
487.6772,RGO 12280,Star,00 52 21.26429,-26 28 50.9321,0.053,0.042,90,11.531,-4.896,17.21,16.72,16.198,,,,,,,,1,13.088601,-26.480814
490.0598,RGO 10931,Star,00 53 21.73059,-26 34 34.2217,0.022,0.016,90,33.449,10.701,14.896,13.9,13.792,,,,,,,,1,13.340544,-26.576173
491.0347,2MASS J00530315-2627493,RGB*,00 53 03.15070,-26 27 49.2293,0.034,0.028,90,4.194,-5.732,16.848,16.045,16.128,14.47,14,13.987,,,,,3,13.263128,-26.463675
491.5755,Gaia DR2 2342714002075561984,Star,00 53 05.67058,-26 41 45.5794,0.721,0.54,90,8.245,-2.303,,,,,,,,,,,1,13.273627,-26.695994
493.7222,NGC   288    67,Star,00 52 49.5,-26 26 47,,,,,,20.16,18.71,,,,,,,,,1,13.20625,-26.446389
494.5221,NGC   288    58,Star,00 53 02.0,-26 27 37,,,,,,20.36,19.85,,,,,,,,,1,13.258333,-26.460278
502.3529,RGO 10706,Star,00 53 18.13937,-26 38 57.6196,0.036,0.025,90,22.321,17.044,16.183,15.264,15.22,,,,,,,,1,13.325581,-26.649339
502.4046,NGC   288    72,Star,00 52 45.4,-26 26 35,,,,,,21.06,20.49,,,,,,,,,1,13.189167,-26.443056
505.2101,NGC   288    73,Star,00 52 41.37700,-26 26 34.8578,0.041,0.033,90,4.862,-10.604,17.26,16.213,16.377,14.63,14.21,14.06,,,,,5,13.172404,-26.443016
507.2606,RGO 10658,Star,00 52 58.2255,-26 42 53.851,25,21,0,6.4,-10.3,16.091,15.341,15.659,,,,,,,,1,13.242606,-26.714959
510.6625,NGC   288    75,Star,00 52 39.3,-26 26 33,,,,,,20.85,20.35,,,,,,,,,1,13.16375,-26.4425
511.6482,NGC   288    66,Star,00 52 56.6,-26 26 49,,,,,,18.2,17.54,,,,,,,,,1,13.235833,-26.446944
514.5299,[SIR99]  6,X,00 53 15.3,-26 29 38,,,,,,,,,,,,,,,,1,13.31375,-26.493889
515.5099,NGC   288    74,Star,00 52 40.4,-26 26 26,,,,,,18.76,18.21,,,,,,,,,1,13.168333,-26.440556
515.9181,UCAC4 318-001192,Star,00 53 08.2296,-26 28 03.913,255,42,90,4.3,-13.9,15.575,14.717,14.402,,,,,,,,1,13.28429,-26.467754
519.9577,RGO 10740,Star,00 53 21.29677,-26 38 08.5019,0.368,0.318,90,-2.144,12.541,13.276,12.719,12.773,,,,,,,,1,13.338737,-26.635695
522.2911,Gaia DR2 2342902327803763072,Star,00 52 28.11232,-26 42 46.5055,0.66,0.584,90,3.816,-5.776,,,,,,,,,,,1,13.117135,-26.712918
524.1012,RGO 12184,Star,00 52 08.68023,-26 31 52.8541,0.027,0.02,90,24.096,-1.802,15.555,14.844,14.78,,,,,,,,1,13.036168,-26.531348
527.6869,TYC 6424-1457-1,Star,00 53 15.52395,-26 40 34.3836,0.057,0.035,90,-16.043,-24.112,12.29,11.667,11.678,10.535,10.172,10.156,,,,,2,13.314683,-26.676218
528.6384,TYC 6424-1912-1,Star,00 53 09.64153,-26 28 02.4236,0.034,0.031,90,3.834,18.84,11.693,11.156,11.171,10.185,9.903,9.852,,,,,2,13.290173,-26.46734
530.902,RGO 10694,Star,00 53 19.63909,-26 39 20.2015,0.048,0.026,90,12.886,-14.945,15.671,15.226,15.203,,,,,,,,1,13.33183,-26.655612
530.9281,RGO 11038,Star,00 53 23.71452,-26 32 53.1658,0.046,0.033,90,14.046,7.576,16.949,15.616,15.407,,,,,,,,1,13.348811,-26.548102
535.5005,Gaia DR2 2342900639878694400,Star,00 52 08.13120,-26 38 15.0977,0.808,0.632,90,5.035,-6.633,,,,,,,,,,,1,13.03388,-26.637527
536.1527,NVSS J005209-263054,RadioG,00 52 09.6,-26 30 55,,,,,,,,,,,,,,,,1,13.04,-26.515278
541.2491,Cl* NGC  288    SAN       7,Star,00 52 29.67203,-26 43 16.7914,0.048,0.032,90,4.323,-5.562,15.987,15.944,16.096,15.876,15.799,,,,,,4,13.123633,-26.721331
541.6761,2MASS J00521548-2641039,RGB*,00 52 15.49461,-26 41 03.9265,0.031,0.02,90,4.24,-5.626,16.094,15.103,15.101,13.366,12.815,12.82,,,,,4,13.064561,-26.684424
546.2104,RGO 10901,Star,00 53 25.949,-26 35 09.48,,,,,,17.47,16.72,,,,,,,,,1,13.358121,-26.585967
549.5799,Gaia DR2 2342715956285014016,Star,00 53 19.61516,-26 39 56.6666,0.695,0.56,90,2.923,-4.657,,,,,,,,,,,1,13.33173,-26.665741
551.4202,Cl* NGC  288    SAN       4,HB*,00 52 27.15780,-26 43 12.6769,0.059,0.042,90,4.165,-5.74,15.993,15.987,16.322,16.085,15.879,15.497,,,,,4,13.113158,-26.720188
552.2912,2MASX J00532615-2635593,Galaxy,00 53 26.155,-26 35 59.34,,,,,,,,,14.373,13.394,13.043,,0.237,0.133,30,2,13.358979,-26.599817
557.2802,RGO 10653,Star,00 52 49.25956,-26 44 12.0691,0.063,0.044,90,4.26,-5.682,17.48,16.98,,,,,,,,,1,13.205248,-26.736686
559.0151,[SIR99]  7,X,00 52 08.4,-26 39 19,,,,,,,,,,,,,,,,1,13.035,-26.655278
570.9833,Cl* NGC  288    ALC      M,Star,00 52 34.10329,-26 25 46.3335,0.028,0.025,90,1.182,-1.522,15.753,15.29,15.258,14.398,14.14,14.16,,,,,3,13.142097,-26.429537
571.0015,2MASS J00532658-2632422,RGB*,00 53 26.58981,-26 32 42.2298,0.052,0.038,90,4.26,-5.722,17.264,16.319,16.013,14.88,14.46,14.4,,,,,2,13.360791,-26.545064
579.4537,PHL  3043,Blue,00 52.1,-26 39,,,,,,17,,,,,,,,,,1,13.025,-26.65
612.7704,PHL  3052,Blue,00 52.4,-26 44,,,,,,17.7,,,,,,,,,,0,13.1,-26.733333
615.3557,QSO B0050.5-2641,QSO,00 52 59.38819,-26 25 12.0866,0.107,0.087,90,0.006,0.287,18.4,,,,,,,,,,14,13.247451,-26.420024
616.1206,RGO 11132,Star,00 53 24.33413,-26 29 34.3358,0.043,0.036,90,6.952,-14.934,17.15,16.36,16.048,,,,,,,,1,13.351392,-26.492871
617.3182,RGO 12302,Star,00 52 48.92906,-26 24 42.0715,0.051,0.041,90,3.925,-13.074,17.339,16.583,16.011,,,,,,,,1,13.203871,-26.411687
619.3109,2MASX J00523592-2645033,Galaxy,00 52 35.90130,-26 45 03.9277,1.677,0.853,90,,,16.39,14.79,15.27,13.379,12.973,12.631,,0.26,0.146,35,3,13.149589,-26.751091
620.0674,RGO 12802,Star,00 52 04.7338,-26 29 59.029,24,14,0,6.1,-5.8,14.095,13.521,13.562,,,,,,,,1,13.019724,-26.49973
631.5391,WISEA J005207.77-262835.1,PM*,00 52 07.81317,-26 28 34.5854,0.081,0.06,90,-43.784,-43.479,,,,13.759,13.209,12.972,,,,,1,13.032555,-26.476274
633.6471,RGO 10688,Star,00 53 27.914,-26 39 29.49,,,,,,16.79,16.42,,,,,,,,,1,13.366308,-26.658192
634.2295,QSO B0050-266,QSO,00 52 45.38807,-26 24 23.1736,0.432,0.395,90,1.043,-0.219,,20.1,,,,,,,,,8,13.189117,-26.406437
637.9587,QSO B0049-2653,QSO,00 51 58.96438,-26 37 25.0130,0.201,0.151,90,0.776,0.678,,19,,,,,,,,,7,12.995685,-26.623615
641.6728,RGO 12299,Star,00 52 19.82826,-26 25 53.9016,0.04,0.035,90,4.256,-5.65,17.03,16.2,15.711,,,,,,,,1,13.082618,-26.431639
650.4455,Cl* NGC  288    CAN       3,Star,00 52 32.37583,-26 24 30.2990,0.027,0.023,90,4.375,-10.323,14.07,13.1,12.887,11.398,10.907,10.792,,,,,3,13.134899,-26.408416
658.8252,RGO 10186,Star,00 53 34.31871,-26 35 22.7110,0.046,0.031,90,3.31,-5.758,16.125,15.607,15.496,,,,,,,,1,13.392995,-26.589642
662.1859,Gaia DR2 2344410166264715904,Candidate_WD*,00 53 19.47479,-26 27 00.5903,0.857,0.69,90,4.96,-6.068,,,,,,,,,,,1,13.331145,-26.450164
672.8222,RGO 12790,Star,00 51 56.43574,-26 37 33.1217,0.056,0.034,90,8.629,-4.736,16.68,16.05,15.939,,,,,,,,1,12.985149,-26.625867
695.9144,RGO 12305,Star,00 52 23.90935,-26 24 23.1313,0.048,0.04,90,4.261,-5.602,17.12,16.47,16.186,,,,,,,,1,13.099622,-26.406425
704.6944,RGO 11640,Star,00 52 48.83793,-26 46 40.4425,0.026,0.018,90,-0.275,-13.194,14.78,14.206,14.387,,,,,,,,1,13.203491,-26.777901
708.1649,RGO 10179,Star,00 53 35.09504,-26 38 50.8389,0.043,0.03,90,15.096,-2.057,16.347,15.588,15.465,,,,,,,,1,13.396229,-26.647455
708.3747,RGO 11639,Star,00 52 46.48311,-26 46 45.5787,0.026,0.018,90,-0.411,-5.333,15.179,14.28,14.209,,,,,,,,1,13.19368,-26.779327
711.5852,RGO 11650,Star,00 52 08.71619,-26 43 33.7432,0.03,0.019,90,7.312,-14.885,16.287,15.274,15.091,,,,,,,,1,13.036317,-26.72604